dataset,dataset_kind,n_samples,n_features,true_k,method,params,seed,deterministic,runtime_seconds,n_clusters_excluding_noise,n_noise,ari,nmi,silhouette,davies_bouldin,calinski_harabasz
aggregation,shape,788,2,7,kmeans++,"{""n_clusters"": 7, ""n_init"": 10}",0,False,0.06606812501559034,7,0,0.7112817227798832,0.828522380067463,0.47159863038576993,0.7086593059025841,1292.3938601657467
aggregation,shape,788,2,7,hierarchical_ward,"{""linkage"": ""ward"", ""n_clusters"": 7}",0,True,0.030067042011069134,7,0,0.8018873039381645,0.9003890226911717,0.44564465006403897,0.7105435289947482,1184.809233816364
aggregation,shape,788,2,7,dbscan,"{""eps"": 0.15, ""min_samples"": 5}",0,True,0.0024308330030180514,5,1,0.8073546017279548,0.8871432335927903,0.2824961046457227,0.6437997082337689,532.3500325148742
aggregation,shape,788,2,7,dbscan,"{""eps"": 0.25, ""min_samples"": 5}",0,True,0.0023266250209417194,5,0,0.8089434170360936,0.8894055132776747,0.37039256879370025,0.6742803844689748,664.1193104126552
aggregation,shape,788,2,7,dbscan,"{""eps"": 0.4, ""min_samples"": 5}",0,True,0.0026402499934192747,4,0,0.7338255908338442,0.8358524361747061,0.4488863176654282,0.6844716892894749,777.077086504356
aggregation,shape,788,2,7,dbscan,"{""eps"": 0.6, ""min_samples"": 5}",0,True,0.00302045900025405,1,0,0.0,0.0,,,
aggregation,shape,788,2,7,dbscan,"{""eps"": 0.9, ""min_samples"": 5}",0,True,0.003585583996027708,1,0,0.0,0.0,,,
aggregation,shape,788,2,7,classix,"{""minPts"": 5, ""radius"": 0.1}",0,True,0.005106625001644716,6,0,0.7923746943529704,0.8745853447198743,0.2755281539054025,0.8019725857891181,537.4968668475404
aggregation,shape,788,2,7,classix,"{""minPts"": 5, ""radius"": 0.2}",0,True,0.0018870829953812063,5,0,0.8089434170360936,0.8894055132776747,0.37039256879370025,0.6742803844689748,664.1193104126552
aggregation,shape,788,2,7,classix,"{""minPts"": 5, ""radius"": 0.3}",0,True,0.001205375010613352,2,0,0.30822029796565603,0.5139057632068562,0.3706744249435122,0.9883365116431602,393.318807010491
aggregation,shape,788,2,7,classix,"{""minPts"": 5, ""radius"": 0.5}",0,True,0.0007407079974655062,1,0,0.0,0.0,,,
aggregation,shape,788,2,7,classix,"{""minPts"": 5, ""radius"": 0.8}",0,True,0.0005209160153754056,1,0,0.0,0.0,,,
aggregation,shape,788,2,7,kmeans++,"{""n_clusters"": 7, ""n_init"": 10}",1,False,0.03355345799354836,7,0,0.7291435816105046,0.8342457982200391,0.47297137637485176,0.6994851464678018,1292.662908217675
aggregation,shape,788,2,7,hierarchical_ward,"{""linkage"": ""ward"", ""n_clusters"": 7}",1,True,0.030067042011069134,7,0,0.8018873039381645,0.9003890226911717,0.44564465006403897,0.7105435289947482,1184.809233816364
aggregation,shape,788,2,7,dbscan,"{""eps"": 0.15, ""min_samples"": 5}",1,True,0.0024308330030180514,5,1,0.8073546017279548,0.8871432335927903,0.2824961046457227,0.6437997082337689,532.3500325148742
aggregation,shape,788,2,7,dbscan,"{""eps"": 0.25, ""min_samples"": 5}",1,True,0.0023266250209417194,5,0,0.8089434170360936,0.8894055132776747,0.37039256879370025,0.6742803844689748,664.1193104126552
aggregation,shape,788,2,7,dbscan,"{""eps"": 0.4, ""min_samples"": 5}",1,True,0.0026402499934192747,4,0,0.7338255908338442,0.8358524361747061,0.4488863176654282,0.6844716892894749,777.077086504356
aggregation,shape,788,2,7,dbscan,"{""eps"": 0.6, ""min_samples"": 5}",1,True,0.00302045900025405,1,0,0.0,0.0,,,
aggregation,shape,788,2,7,dbscan,"{""eps"": 0.9, ""min_samples"": 5}",1,True,0.003585583996027708,1,0,0.0,0.0,,,
aggregation,shape,788,2,7,classix,"{""minPts"": 5, ""radius"": 0.1}",1,True,0.005106625001644716,6,0,0.7923746943529704,0.8745853447198743,0.2755281539054025,0.8019725857891181,537.4968668475404
aggregation,shape,788,2,7,classix,"{""minPts"": 5, ""radius"": 0.2}",1,True,0.0018870829953812063,5,0,0.8089434170360936,0.8894055132776747,0.37039256879370025,0.6742803844689748,664.1193104126552
aggregation,shape,788,2,7,classix,"{""minPts"": 5, ""radius"": 0.3}",1,True,0.001205375010613352,2,0,0.30822029796565603,0.5139057632068562,0.3706744249435122,0.9883365116431602,393.318807010491
aggregation,shape,788,2,7,classix,"{""minPts"": 5, ""radius"": 0.5}",1,True,0.0007407079974655062,1,0,0.0,0.0,,,
aggregation,shape,788,2,7,classix,"{""minPts"": 5, ""radius"": 0.8}",1,True,0.0005209160153754056,1,0,0.0,0.0,,,
aggregation,shape,788,2,7,kmeans++,"{""n_clusters"": 7, ""n_init"": 10}",2,False,0.041372459003468975,7,0,0.7270159840772903,0.8334748056456183,0.4731203503387716,0.6991561467251061,1292.8550759162952
aggregation,shape,788,2,7,hierarchical_ward,"{""linkage"": ""ward"", ""n_clusters"": 7}",2,True,0.030067042011069134,7,0,0.8018873039381645,0.9003890226911717,0.44564465006403897,0.7105435289947482,1184.809233816364
aggregation,shape,788,2,7,dbscan,"{""eps"": 0.15, ""min_samples"": 5}",2,True,0.0024308330030180514,5,1,0.8073546017279548,0.8871432335927903,0.2824961046457227,0.6437997082337689,532.3500325148742
aggregation,shape,788,2,7,dbscan,"{""eps"": 0.25, ""min_samples"": 5}",2,True,0.0023266250209417194,5,0,0.8089434170360936,0.8894055132776747,0.37039256879370025,0.6742803844689748,664.1193104126552
aggregation,shape,788,2,7,dbscan,"{""eps"": 0.4, ""min_samples"": 5}",2,True,0.0026402499934192747,4,0,0.7338255908338442,0.8358524361747061,0.4488863176654282,0.6844716892894749,777.077086504356
aggregation,shape,788,2,7,dbscan,"{""eps"": 0.6, ""min_samples"": 5}",2,True,0.00302045900025405,1,0,0.0,0.0,,,
aggregation,shape,788,2,7,dbscan,"{""eps"": 0.9, ""min_samples"": 5}",2,True,0.003585583996027708,1,0,0.0,0.0,,,
aggregation,shape,788,2,7,classix,"{""minPts"": 5, ""radius"": 0.1}",2,True,0.005106625001644716,6,0,0.7923746943529704,0.8745853447198743,0.2755281539054025,0.8019725857891181,537.4968668475404
aggregation,shape,788,2,7,classix,"{""minPts"": 5, ""radius"": 0.2}",2,True,0.0018870829953812063,5,0,0.8089434170360936,0.8894055132776747,0.37039256879370025,0.6742803844689748,664.1193104126552
aggregation,shape,788,2,7,classix,"{""minPts"": 5, ""radius"": 0.3}",2,True,0.001205375010613352,2,0,0.30822029796565603,0.5139057632068562,0.3706744249435122,0.9883365116431602,393.318807010491
aggregation,shape,788,2,7,classix,"{""minPts"": 5, ""radius"": 0.5}",2,True,0.0007407079974655062,1,0,0.0,0.0,,,
aggregation,shape,788,2,7,classix,"{""minPts"": 5, ""radius"": 0.8}",2,True,0.0005209160153754056,1,0,0.0,0.0,,,
aggregation,shape,788,2,7,kmeans++,"{""n_clusters"": 7, ""n_init"": 10}",3,False,0.03090199999860488,7,0,0.7173820623237965,0.8326659603134745,0.47189007462628374,0.7048546103652574,1292.4036833210846
aggregation,shape,788,2,7,hierarchical_ward,"{""linkage"": ""ward"", ""n_clusters"": 7}",3,True,0.030067042011069134,7,0,0.8018873039381645,0.9003890226911717,0.44564465006403897,0.7105435289947482,1184.809233816364
aggregation,shape,788,2,7,dbscan,"{""eps"": 0.15, ""min_samples"": 5}",3,True,0.0024308330030180514,5,1,0.8073546017279548,0.8871432335927903,0.2824961046457227,0.6437997082337689,532.3500325148742
aggregation,shape,788,2,7,dbscan,"{""eps"": 0.25, ""min_samples"": 5}",3,True,0.0023266250209417194,5,0,0.8089434170360936,0.8894055132776747,0.37039256879370025,0.6742803844689748,664.1193104126552
aggregation,shape,788,2,7,dbscan,"{""eps"": 0.4, ""min_samples"": 5}",3,True,0.0026402499934192747,4,0,0.7338255908338442,0.8358524361747061,0.4488863176654282,0.6844716892894749,777.077086504356
aggregation,shape,788,2,7,dbscan,"{""eps"": 0.6, ""min_samples"": 5}",3,True,0.00302045900025405,1,0,0.0,0.0,,,
aggregation,shape,788,2,7,dbscan,"{""eps"": 0.9, ""min_samples"": 5}",3,True,0.003585583996027708,1,0,0.0,0.0,,,
aggregation,shape,788,2,7,classix,"{""minPts"": 5, ""radius"": 0.1}",3,True,0.005106625001644716,6,0,0.7923746943529704,0.8745853447198743,0.2755281539054025,0.8019725857891181,537.4968668475404
aggregation,shape,788,2,7,classix,"{""minPts"": 5, ""radius"": 0.2}",3,True,0.0018870829953812063,5,0,0.8089434170360936,0.8894055132776747,0.37039256879370025,0.6742803844689748,664.1193104126552
aggregation,shape,788,2,7,classix,"{""minPts"": 5, ""radius"": 0.3}",3,True,0.001205375010613352,2,0,0.30822029796565603,0.5139057632068562,0.3706744249435122,0.9883365116431602,393.318807010491
aggregation,shape,788,2,7,classix,"{""minPts"": 5, ""radius"": 0.5}",3,True,0.0007407079974655062,1,0,0.0,0.0,,,
aggregation,shape,788,2,7,classix,"{""minPts"": 5, ""radius"": 0.8}",3,True,0.0005209160153754056,1,0,0.0,0.0,,,
aggregation,shape,788,2,7,kmeans++,"{""n_clusters"": 7, ""n_init"": 10}",4,False,0.2721690420003142,7,0,0.7323137321223424,0.8390684472172822,0.47285505881396406,0.6989742183913673,1292.201509919916
aggregation,shape,788,2,7,hierarchical_ward,"{""linkage"": ""ward"", ""n_clusters"": 7}",4,True,0.030067042011069134,7,0,0.8018873039381645,0.9003890226911717,0.44564465006403897,0.7105435289947482,1184.809233816364
aggregation,shape,788,2,7,dbscan,"{""eps"": 0.15, ""min_samples"": 5}",4,True,0.0024308330030180514,5,1,0.8073546017279548,0.8871432335927903,0.2824961046457227,0.6437997082337689,532.3500325148742
aggregation,shape,788,2,7,dbscan,"{""eps"": 0.25, ""min_samples"": 5}",4,True,0.0023266250209417194,5,0,0.8089434170360936,0.8894055132776747,0.37039256879370025,0.6742803844689748,664.1193104126552
aggregation,shape,788,2,7,dbscan,"{""eps"": 0.4, ""min_samples"": 5}",4,True,0.0026402499934192747,4,0,0.7338255908338442,0.8358524361747061,0.4488863176654282,0.6844716892894749,777.077086504356
aggregation,shape,788,2,7,dbscan,"{""eps"": 0.6, ""min_samples"": 5}",4,True,0.00302045900025405,1,0,0.0,0.0,,,
aggregation,shape,788,2,7,dbscan,"{""eps"": 0.9, ""min_samples"": 5}",4,True,0.003585583996027708,1,0,0.0,0.0,,,
aggregation,shape,788,2,7,classix,"{""minPts"": 5, ""radius"": 0.1}",4,True,0.005106625001644716,6,0,0.7923746943529704,0.8745853447198743,0.2755281539054025,0.8019725857891181,537.4968668475404
aggregation,shape,788,2,7,classix,"{""minPts"": 5, ""radius"": 0.2}",4,True,0.0018870829953812063,5,0,0.8089434170360936,0.8894055132776747,0.37039256879370025,0.6742803844689748,664.1193104126552
aggregation,shape,788,2,7,classix,"{""minPts"": 5, ""radius"": 0.3}",4,True,0.001205375010613352,2,0,0.30822029796565603,0.5139057632068562,0.3706744249435122,0.9883365116431602,393.318807010491
aggregation,shape,788,2,7,classix,"{""minPts"": 5, ""radius"": 0.5}",4,True,0.0007407079974655062,1,0,0.0,0.0,,,
aggregation,shape,788,2,7,classix,"{""minPts"": 5, ""radius"": 0.8}",4,True,0.0005209160153754056,1,0,0.0,0.0,,,
compound,shape,399,2,6,kmeans++,"{""n_clusters"": 6, ""n_init"": 10}",0,False,0.03025370801333338,6,0,0.580612399322446,0.7279508282130916,0.4258323364706218,0.9038925383020309,657.8258619028554
compound,shape,399,2,6,hierarchical_ward,"{""linkage"": ""ward"", ""n_clusters"": 6}",0,True,0.0019730000058189034,6,0,0.5010620619617797,0.6981450403918463,0.40553337601893963,0.8737941828498738,621.7427130219896
compound,shape,399,2,6,dbscan,"{""eps"": 0.15, ""min_samples"": 5}",0,True,0.0013061670179013163,5,96,0.8795456484718828,0.8715431120457069,0.036907585996476394,4.800099828771537,153.54062496135705
compound,shape,399,2,6,dbscan,"{""eps"": 0.25, ""min_samples"": 5}",0,True,0.0011562499857973307,4,54,0.8552949604064127,0.8455395925766128,0.4784119557702911,2.1015235521983358,310.80365909140795
compound,shape,399,2,6,dbscan,"{""eps"": 0.4, ""min_samples"": 5}",0,True,0.0014765840023756027,3,6,0.745588566283241,0.7995148997879956,0.5602420420724925,1.0045708298382432,529.2951519899207
compound,shape,399,2,6,dbscan,"{""eps"": 0.6, ""min_samples"": 5}",0,True,0.0015847909962758422,1,0,0.0,0.0,,,
compound,shape,399,2,6,dbscan,"{""eps"": 0.9, ""min_samples"": 5}",0,True,0.0018338749941904098,1,0,0.0,0.0,,,
compound,shape,399,2,6,classix,"{""minPts"": 5, ""radius"": 0.1}",0,True,0.006402250000974163,6,0,0.5158428097876026,0.7196352969859995,0.38143720799067715,0.8420224743486627,423.4147901825683
compound,shape,399,2,6,classix,"{""minPts"": 5, ""radius"": 0.2}",0,True,0.002849832992069423,4,0,0.7682536671334431,0.8075330940665245,0.5406491687757915,0.7469674617015456,639.6836262355495
compound,shape,399,2,6,classix,"{""minPts"": 5, ""radius"": 0.3}",0,True,0.0017443749820813537,2,0,0.2787746880936021,0.4926599296384932,0.30745946611474934,1.105205351560154,118.98252599104794
compound,shape,399,2,6,classix,"{""minPts"": 5, ""radius"": 0.5}",0,True,0.0008551249920856208,1,0,0.0,0.0,,,
compound,shape,399,2,6,classix,"{""minPts"": 5, ""radius"": 0.8}",0,True,0.0005285420047584921,1,0,0.0,0.0,,,
compound,shape,399,2,6,kmeans++,"{""n_clusters"": 6, ""n_init"": 10}",1,False,0.03126124999835156,6,0,0.5805968634077997,0.7277812543844279,0.4259842051962468,0.9040438879951735,657.8815613935964
compound,shape,399,2,6,hierarchical_ward,"{""linkage"": ""ward"", ""n_clusters"": 6}",1,True,0.0019730000058189034,6,0,0.5010620619617797,0.6981450403918463,0.40553337601893963,0.8737941828498738,621.7427130219896
compound,shape,399,2,6,dbscan,"{""eps"": 0.15, ""min_samples"": 5}",1,True,0.0013061670179013163,5,96,0.8795456484718828,0.8715431120457069,0.036907585996476394,4.800099828771537,153.54062496135705
compound,shape,399,2,6,dbscan,"{""eps"": 0.25, ""min_samples"": 5}",1,True,0.0011562499857973307,4,54,0.8552949604064127,0.8455395925766128,0.4784119557702911,2.1015235521983358,310.80365909140795
compound,shape,399,2,6,dbscan,"{""eps"": 0.4, ""min_samples"": 5}",1,True,0.0014765840023756027,3,6,0.745588566283241,0.7995148997879956,0.5602420420724925,1.0045708298382432,529.2951519899207
compound,shape,399,2,6,dbscan,"{""eps"": 0.6, ""min_samples"": 5}",1,True,0.0015847909962758422,1,0,0.0,0.0,,,
compound,shape,399,2,6,dbscan,"{""eps"": 0.9, ""min_samples"": 5}",1,True,0.0018338749941904098,1,0,0.0,0.0,,,
compound,shape,399,2,6,classix,"{""minPts"": 5, ""radius"": 0.1}",1,True,0.006402250000974163,6,0,0.5158428097876026,0.7196352969859995,0.38143720799067715,0.8420224743486627,423.4147901825683
compound,shape,399,2,6,classix,"{""minPts"": 5, ""radius"": 0.2}",1,True,0.002849832992069423,4,0,0.7682536671334431,0.8075330940665245,0.5406491687757915,0.7469674617015456,639.6836262355495
compound,shape,399,2,6,classix,"{""minPts"": 5, ""radius"": 0.3}",1,True,0.0017443749820813537,2,0,0.2787746880936021,0.4926599296384932,0.30745946611474934,1.105205351560154,118.98252599104794
compound,shape,399,2,6,classix,"{""minPts"": 5, ""radius"": 0.5}",1,True,0.0008551249920856208,1,0,0.0,0.0,,,
compound,shape,399,2,6,classix,"{""minPts"": 5, ""radius"": 0.8}",1,True,0.0005285420047584921,1,0,0.0,0.0,,,
compound,shape,399,2,6,kmeans++,"{""n_clusters"": 6, ""n_init"": 10}",2,False,0.033746291999705136,6,0,0.5812648329840271,0.7280606141062861,0.4269467455627264,0.9037204616226969,658.2396610987838
compound,shape,399,2,6,hierarchical_ward,"{""linkage"": ""ward"", ""n_clusters"": 6}",2,True,0.0019730000058189034,6,0,0.5010620619617797,0.6981450403918463,0.40553337601893963,0.8737941828498738,621.7427130219896
compound,shape,399,2,6,dbscan,"{""eps"": 0.15, ""min_samples"": 5}",2,True,0.0013061670179013163,5,96,0.8795456484718828,0.8715431120457069,0.036907585996476394,4.800099828771537,153.54062496135705
compound,shape,399,2,6,dbscan,"{""eps"": 0.25, ""min_samples"": 5}",2,True,0.0011562499857973307,4,54,0.8552949604064127,0.8455395925766128,0.4784119557702911,2.1015235521983358,310.80365909140795
compound,shape,399,2,6,dbscan,"{""eps"": 0.4, ""min_samples"": 5}",2,True,0.0014765840023756027,3,6,0.745588566283241,0.7995148997879956,0.5602420420724925,1.0045708298382432,529.2951519899207
compound,shape,399,2,6,dbscan,"{""eps"": 0.6, ""min_samples"": 5}",2,True,0.0015847909962758422,1,0,0.0,0.0,,,
compound,shape,399,2,6,dbscan,"{""eps"": 0.9, ""min_samples"": 5}",2,True,0.0018338749941904098,1,0,0.0,0.0,,,
compound,shape,399,2,6,classix,"{""minPts"": 5, ""radius"": 0.1}",2,True,0.006402250000974163,6,0,0.5158428097876026,0.7196352969859995,0.38143720799067715,0.8420224743486627,423.4147901825683
compound,shape,399,2,6,classix,"{""minPts"": 5, ""radius"": 0.2}",2,True,0.002849832992069423,4,0,0.7682536671334431,0.8075330940665245,0.5406491687757915,0.7469674617015456,639.6836262355495
compound,shape,399,2,6,classix,"{""minPts"": 5, ""radius"": 0.3}",2,True,0.0017443749820813537,2,0,0.2787746880936021,0.4926599296384932,0.30745946611474934,1.105205351560154,118.98252599104794
compound,shape,399,2,6,classix,"{""minPts"": 5, ""radius"": 0.5}",2,True,0.0008551249920856208,1,0,0.0,0.0,,,
compound,shape,399,2,6,classix,"{""minPts"": 5, ""radius"": 0.8}",2,True,0.0005285420047584921,1,0,0.0,0.0,,,
compound,shape,399,2,6,kmeans++,"{""n_clusters"": 6, ""n_init"": 10}",3,False,0.02160425001056865,6,0,0.5806701279962515,0.7278006295932061,0.4260268171898326,0.9039441562923246,658.0373238662014
compound,shape,399,2,6,hierarchical_ward,"{""linkage"": ""ward"", ""n_clusters"": 6}",3,True,0.0019730000058189034,6,0,0.5010620619617797,0.6981450403918463,0.40553337601893963,0.8737941828498738,621.7427130219896
compound,shape,399,2,6,dbscan,"{""eps"": 0.15, ""min_samples"": 5}",3,True,0.0013061670179013163,5,96,0.8795456484718828,0.8715431120457069,0.036907585996476394,4.800099828771537,153.54062496135705
compound,shape,399,2,6,dbscan,"{""eps"": 0.25, ""min_samples"": 5}",3,True,0.0011562499857973307,4,54,0.8552949604064127,0.8455395925766128,0.4784119557702911,2.1015235521983358,310.80365909140795
compound,shape,399,2,6,dbscan,"{""eps"": 0.4, ""min_samples"": 5}",3,True,0.0014765840023756027,3,6,0.745588566283241,0.7995148997879956,0.5602420420724925,1.0045708298382432,529.2951519899207
compound,shape,399,2,6,dbscan,"{""eps"": 0.6, ""min_samples"": 5}",3,True,0.0015847909962758422,1,0,0.0,0.0,,,
compound,shape,399,2,6,dbscan,"{""eps"": 0.9, ""min_samples"": 5}",3,True,0.0018338749941904098,1,0,0.0,0.0,,,
compound,shape,399,2,6,classix,"{""minPts"": 5, ""radius"": 0.1}",3,True,0.006402250000974163,6,0,0.5158428097876026,0.7196352969859995,0.38143720799067715,0.8420224743486627,423.4147901825683
compound,shape,399,2,6,classix,"{""minPts"": 5, ""radius"": 0.2}",3,True,0.002849832992069423,4,0,0.7682536671334431,0.8075330940665245,0.5406491687757915,0.7469674617015456,639.6836262355495
compound,shape,399,2,6,classix,"{""minPts"": 5, ""radius"": 0.3}",3,True,0.0017443749820813537,2,0,0.2787746880936021,0.4926599296384932,0.30745946611474934,1.105205351560154,118.98252599104794
compound,shape,399,2,6,classix,"{""minPts"": 5, ""radius"": 0.5}",3,True,0.0008551249920856208,1,0,0.0,0.0,,,
compound,shape,399,2,6,classix,"{""minPts"": 5, ""radius"": 0.8}",3,True,0.0005285420047584921,1,0,0.0,0.0,,,
compound,shape,399,2,6,kmeans++,"{""n_clusters"": 6, ""n_init"": 10}",4,False,0.017462666000938043,6,0,0.5599105291709086,0.7160051215068576,0.4184649023606646,0.9132734535386136,657.5209686838799
compound,shape,399,2,6,hierarchical_ward,"{""linkage"": ""ward"", ""n_clusters"": 6}",4,True,0.0019730000058189034,6,0,0.5010620619617797,0.6981450403918463,0.40553337601893963,0.8737941828498738,621.7427130219896
compound,shape,399,2,6,dbscan,"{""eps"": 0.15, ""min_samples"": 5}",4,True,0.0013061670179013163,5,96,0.8795456484718828,0.8715431120457069,0.036907585996476394,4.800099828771537,153.54062496135705
compound,shape,399,2,6,dbscan,"{""eps"": 0.25, ""min_samples"": 5}",4,True,0.0011562499857973307,4,54,0.8552949604064127,0.8455395925766128,0.4784119557702911,2.1015235521983358,310.80365909140795
compound,shape,399,2,6,dbscan,"{""eps"": 0.4, ""min_samples"": 5}",4,True,0.0014765840023756027,3,6,0.745588566283241,0.7995148997879956,0.5602420420724925,1.0045708298382432,529.2951519899207
compound,shape,399,2,6,dbscan,"{""eps"": 0.6, ""min_samples"": 5}",4,True,0.0015847909962758422,1,0,0.0,0.0,,,
compound,shape,399,2,6,dbscan,"{""eps"": 0.9, ""min_samples"": 5}",4,True,0.0018338749941904098,1,0,0.0,0.0,,,
compound,shape,399,2,6,classix,"{""minPts"": 5, ""radius"": 0.1}",4,True,0.006402250000974163,6,0,0.5158428097876026,0.7196352969859995,0.38143720799067715,0.8420224743486627,423.4147901825683
compound,shape,399,2,6,classix,"{""minPts"": 5, ""radius"": 0.2}",4,True,0.002849832992069423,4,0,0.7682536671334431,0.8075330940665245,0.5406491687757915,0.7469674617015456,639.6836262355495
compound,shape,399,2,6,classix,"{""minPts"": 5, ""radius"": 0.3}",4,True,0.0017443749820813537,2,0,0.2787746880936021,0.4926599296384932,0.30745946611474934,1.105205351560154,118.98252599104794
compound,shape,399,2,6,classix,"{""minPts"": 5, ""radius"": 0.5}",4,True,0.0008551249920856208,1,0,0.0,0.0,,,
compound,shape,399,2,6,classix,"{""minPts"": 5, ""radius"": 0.8}",4,True,0.0005285420047584921,1,0,0.0,0.0,,,
jain,shape,373,2,2,kmeans++,"{""n_clusters"": 2, ""n_init"": 10}",0,False,0.01205912500154227,2,0,0.552751161834573,0.5108315717226246,0.5044779516212523,0.7914495908671927,487.6180169709948
jain,shape,373,2,2,hierarchical_ward,"{""linkage"": ""ward"", ""n_clusters"": 2}",0,True,0.002342125022551045,2,0,0.5691559292963253,0.5419935754570145,0.5042663862106481,0.7919435147849887,486.3050029940724
jain,shape,373,2,2,dbscan,"{""eps"": 0.15, ""min_samples"": 5}",0,True,0.0014275000139605254,5,77,0.7433124561668442,0.6922313744387917,0.05181250421082689,2.492878409965526,110.24124507873532
jain,shape,373,2,2,dbscan,"{""eps"": 0.25, ""min_samples"": 5}",0,True,0.0013636670191772282,4,17,0.9155344464341462,0.7966013277646318,0.324612388718822,1.5228353580798593,106.69567428149628
jain,shape,373,2,2,dbscan,"{""eps"": 0.4, ""min_samples"": 5}",0,True,0.0013655000075232238,1,0,0.0,0.0,,,
jain,shape,373,2,2,dbscan,"{""eps"": 0.6, ""min_samples"": 5}",0,True,0.001357375003863126,1,0,0.0,0.0,,,
jain,shape,373,2,2,dbscan,"{""eps"": 0.9, ""min_samples"": 5}",0,True,0.0014120840060058981,1,0,0.0,0.0,,,
jain,shape,373,2,2,classix,"{""minPts"": 5, ""radius"": 0.1}",0,True,0.0036072500224690884,10,0,0.3223555601716667,0.48470479578147074,0.4403652740656988,0.7020768381089579,316.82744857074545
jain,shape,373,2,2,classix,"{""minPts"": 5, ""radius"": 0.2}",0,True,0.001591250009369105,3,0,0.9809240642431116,0.9444586796478842,0.3760762622382739,0.7479299971300617,189.33265867973674
jain,shape,373,2,2,classix,"{""minPts"": 5, ""radius"": 0.3}",0,True,0.0010087080008815974,1,0,0.0,0.0,,,
jain,shape,373,2,2,classix,"{""minPts"": 5, ""radius"": 0.5}",0,True,0.0009615409944672137,1,0,0.0,0.0,,,
jain,shape,373,2,2,classix,"{""minPts"": 5, ""radius"": 0.8}",0,True,0.0005872079927939922,1,0,0.0,0.0,,,
jain,shape,373,2,2,kmeans++,"{""n_clusters"": 2, ""n_init"": 10}",1,False,0.017812958016293123,2,0,0.552751161834573,0.5108315717226246,0.5044779516212523,0.7914495908671927,487.6180169709948
jain,shape,373,2,2,hierarchical_ward,"{""linkage"": ""ward"", ""n_clusters"": 2}",1,True,0.002342125022551045,2,0,0.5691559292963253,0.5419935754570145,0.5042663862106481,0.7919435147849887,486.3050029940724
jain,shape,373,2,2,dbscan,"{""eps"": 0.15, ""min_samples"": 5}",1,True,0.0014275000139605254,5,77,0.7433124561668442,0.6922313744387917,0.05181250421082689,2.492878409965526,110.24124507873532
jain,shape,373,2,2,dbscan,"{""eps"": 0.25, ""min_samples"": 5}",1,True,0.0013636670191772282,4,17,0.9155344464341462,0.7966013277646318,0.324612388718822,1.5228353580798593,106.69567428149628
jain,shape,373,2,2,dbscan,"{""eps"": 0.4, ""min_samples"": 5}",1,True,0.0013655000075232238,1,0,0.0,0.0,,,
jain,shape,373,2,2,dbscan,"{""eps"": 0.6, ""min_samples"": 5}",1,True,0.001357375003863126,1,0,0.0,0.0,,,
jain,shape,373,2,2,dbscan,"{""eps"": 0.9, ""min_samples"": 5}",1,True,0.0014120840060058981,1,0,0.0,0.0,,,
jain,shape,373,2,2,classix,"{""minPts"": 5, ""radius"": 0.1}",1,True,0.0036072500224690884,10,0,0.3223555601716667,0.48470479578147074,0.4403652740656988,0.7020768381089579,316.82744857074545
jain,shape,373,2,2,classix,"{""minPts"": 5, ""radius"": 0.2}",1,True,0.001591250009369105,3,0,0.9809240642431116,0.9444586796478842,0.3760762622382739,0.7479299971300617,189.33265867973674
jain,shape,373,2,2,classix,"{""minPts"": 5, ""radius"": 0.3}",1,True,0.0010087080008815974,1,0,0.0,0.0,,,
jain,shape,373,2,2,classix,"{""minPts"": 5, ""radius"": 0.5}",1,True,0.0009615409944672137,1,0,0.0,0.0,,,
jain,shape,373,2,2,classix,"{""minPts"": 5, ""radius"": 0.8}",1,True,0.0005872079927939922,1,0,0.0,0.0,,,
jain,shape,373,2,2,kmeans++,"{""n_clusters"": 2, ""n_init"": 10}",2,False,0.020828959008213133,2,0,0.552751161834573,0.5108315717226246,0.5044779516212523,0.7914495908671927,487.6180169709948
jain,shape,373,2,2,hierarchical_ward,"{""linkage"": ""ward"", ""n_clusters"": 2}",2,True,0.002342125022551045,2,0,0.5691559292963253,0.5419935754570145,0.5042663862106481,0.7919435147849887,486.3050029940724
jain,shape,373,2,2,dbscan,"{""eps"": 0.15, ""min_samples"": 5}",2,True,0.0014275000139605254,5,77,0.7433124561668442,0.6922313744387917,0.05181250421082689,2.492878409965526,110.24124507873532
jain,shape,373,2,2,dbscan,"{""eps"": 0.25, ""min_samples"": 5}",2,True,0.0013636670191772282,4,17,0.9155344464341462,0.7966013277646318,0.324612388718822,1.5228353580798593,106.69567428149628
jain,shape,373,2,2,dbscan,"{""eps"": 0.4, ""min_samples"": 5}",2,True,0.0013655000075232238,1,0,0.0,0.0,,,
jain,shape,373,2,2,dbscan,"{""eps"": 0.6, ""min_samples"": 5}",2,True,0.001357375003863126,1,0,0.0,0.0,,,
jain,shape,373,2,2,dbscan,"{""eps"": 0.9, ""min_samples"": 5}",2,True,0.0014120840060058981,1,0,0.0,0.0,,,
jain,shape,373,2,2,classix,"{""minPts"": 5, ""radius"": 0.1}",2,True,0.0036072500224690884,10,0,0.3223555601716667,0.48470479578147074,0.4403652740656988,0.7020768381089579,316.82744857074545
jain,shape,373,2,2,classix,"{""minPts"": 5, ""radius"": 0.2}",2,True,0.001591250009369105,3,0,0.9809240642431116,0.9444586796478842,0.3760762622382739,0.7479299971300617,189.33265867973674
jain,shape,373,2,2,classix,"{""minPts"": 5, ""radius"": 0.3}",2,True,0.0010087080008815974,1,0,0.0,0.0,,,
jain,shape,373,2,2,classix,"{""minPts"": 5, ""radius"": 0.5}",2,True,0.0009615409944672137,1,0,0.0,0.0,,,
jain,shape,373,2,2,classix,"{""minPts"": 5, ""radius"": 0.8}",2,True,0.0005872079927939922,1,0,0.0,0.0,,,
jain,shape,373,2,2,kmeans++,"{""n_clusters"": 2, ""n_init"": 10}",3,False,0.017430583975510672,2,0,0.552751161834573,0.5108315717226247,0.5044779516212523,0.7914495908671927,487.6180169709948
jain,shape,373,2,2,hierarchical_ward,"{""linkage"": ""ward"", ""n_clusters"": 2}",3,True,0.002342125022551045,2,0,0.5691559292963253,0.5419935754570145,0.5042663862106481,0.7919435147849887,486.3050029940724
jain,shape,373,2,2,dbscan,"{""eps"": 0.15, ""min_samples"": 5}",3,True,0.0014275000139605254,5,77,0.7433124561668442,0.6922313744387917,0.05181250421082689,2.492878409965526,110.24124507873532
jain,shape,373,2,2,dbscan,"{""eps"": 0.25, ""min_samples"": 5}",3,True,0.0013636670191772282,4,17,0.9155344464341462,0.7966013277646318,0.324612388718822,1.5228353580798593,106.69567428149628
jain,shape,373,2,2,dbscan,"{""eps"": 0.4, ""min_samples"": 5}",3,True,0.0013655000075232238,1,0,0.0,0.0,,,
jain,shape,373,2,2,dbscan,"{""eps"": 0.6, ""min_samples"": 5}",3,True,0.001357375003863126,1,0,0.0,0.0,,,
jain,shape,373,2,2,dbscan,"{""eps"": 0.9, ""min_samples"": 5}",3,True,0.0014120840060058981,1,0,0.0,0.0,,,
jain,shape,373,2,2,classix,"{""minPts"": 5, ""radius"": 0.1}",3,True,0.0036072500224690884,10,0,0.3223555601716667,0.48470479578147074,0.4403652740656988,0.7020768381089579,316.82744857074545
jain,shape,373,2,2,classix,"{""minPts"": 5, ""radius"": 0.2}",3,True,0.001591250009369105,3,0,0.9809240642431116,0.9444586796478842,0.3760762622382739,0.7479299971300617,189.33265867973674
jain,shape,373,2,2,classix,"{""minPts"": 5, ""radius"": 0.3}",3,True,0.0010087080008815974,1,0,0.0,0.0,,,
jain,shape,373,2,2,classix,"{""minPts"": 5, ""radius"": 0.5}",3,True,0.0009615409944672137,1,0,0.0,0.0,,,
jain,shape,373,2,2,classix,"{""minPts"": 5, ""radius"": 0.8}",3,True,0.0005872079927939922,1,0,0.0,0.0,,,
jain,shape,373,2,2,kmeans++,"{""n_clusters"": 2, ""n_init"": 10}",4,False,0.033109832991613075,2,0,0.552751161834573,0.5108315717226246,0.5044779516212523,0.7914495908671927,487.6180169709948
jain,shape,373,2,2,hierarchical_ward,"{""linkage"": ""ward"", ""n_clusters"": 2}",4,True,0.002342125022551045,2,0,0.5691559292963253,0.5419935754570145,0.5042663862106481,0.7919435147849887,486.3050029940724
jain,shape,373,2,2,dbscan,"{""eps"": 0.15, ""min_samples"": 5}",4,True,0.0014275000139605254,5,77,0.7433124561668442,0.6922313744387917,0.05181250421082689,2.492878409965526,110.24124507873532
jain,shape,373,2,2,dbscan,"{""eps"": 0.25, ""min_samples"": 5}",4,True,0.0013636670191772282,4,17,0.9155344464341462,0.7966013277646318,0.324612388718822,1.5228353580798593,106.69567428149628
jain,shape,373,2,2,dbscan,"{""eps"": 0.4, ""min_samples"": 5}",4,True,0.0013655000075232238,1,0,0.0,0.0,,,
jain,shape,373,2,2,dbscan,"{""eps"": 0.6, ""min_samples"": 5}",4,True,0.001357375003863126,1,0,0.0,0.0,,,
jain,shape,373,2,2,dbscan,"{""eps"": 0.9, ""min_samples"": 5}",4,True,0.0014120840060058981,1,0,0.0,0.0,,,
jain,shape,373,2,2,classix,"{""minPts"": 5, ""radius"": 0.1}",4,True,0.0036072500224690884,10,0,0.3223555601716667,0.48470479578147074,0.4403652740656988,0.7020768381089579,316.82744857074545
jain,shape,373,2,2,classix,"{""minPts"": 5, ""radius"": 0.2}",4,True,0.001591250009369105,3,0,0.9809240642431116,0.9444586796478842,0.3760762622382739,0.7479299971300617,189.33265867973674
jain,shape,373,2,2,classix,"{""minPts"": 5, ""radius"": 0.3}",4,True,0.0010087080008815974,1,0,0.0,0.0,,,
jain,shape,373,2,2,classix,"{""minPts"": 5, ""radius"": 0.5}",4,True,0.0009615409944672137,1,0,0.0,0.0,,,
jain,shape,373,2,2,classix,"{""minPts"": 5, ""radius"": 0.8}",4,True,0.0005872079927939922,1,0,0.0,0.0,,,
pathbased,shape,300,2,3,kmeans++,"{""n_clusters"": 3, ""n_init"": 10}",0,False,0.019884041976183653,3,0,0.4797415258613849,0.5606538556651895,0.5092065033223903,0.6929203590749796,304.57954304516096
pathbased,shape,300,2,3,hierarchical_ward,"{""linkage"": ""ward"", ""n_clusters"": 3}",0,True,0.0012408750189933926,3,0,0.45723965835734565,0.5424830588800958,0.5007977633074632,0.6897767869718662,287.287610103582
pathbased,shape,300,2,3,dbscan,"{""eps"": 0.15, ""min_samples"": 5}",0,True,0.0011924999998882413,8,162,0.4348138075929664,0.5182689556608583,-0.06457395953860373,2.6472382130699215,7.941962858051493
pathbased,shape,300,2,3,dbscan,"{""eps"": 0.25, ""min_samples"": 5}",0,True,0.0010643340065144002,11,26,0.5903336818621412,0.6069639162040043,0.23281885461157656,2.247049354065798,100.60224277177265
pathbased,shape,300,2,3,dbscan,"{""eps"": 0.4, ""min_samples"": 5}",0,True,0.0011775839957408607,1,1,0.0002365219381922123,0.006751460705693545,0.025804346278413232,0.81013804288599,1.2476824324881843
pathbased,shape,300,2,3,dbscan,"{""eps"": 0.6, ""min_samples"": 5}",0,True,0.0012413749936968088,1,0,0.0,0.0,,,
pathbased,shape,300,2,3,dbscan,"{""eps"": 0.9, ""min_samples"": 5}",0,True,0.00132079201284796,1,0,0.0,0.0,,,
pathbased,shape,300,2,3,classix,"{""minPts"": 5, ""radius"": 0.1}",0,True,0.0066111659980379045,15,0,0.15109421526229103,0.3807967651499682,0.12232509961591011,0.9852637022806595,178.01136988932353
pathbased,shape,300,2,3,classix,"{""minPts"": 5, ""radius"": 0.2}",0,True,0.002263083995785564,6,0,0.4960885205787845,0.5659802951092389,0.3490903744307149,0.6650215615513649,140.80199675092476
pathbased,shape,300,2,3,classix,"{""minPts"": 5, ""radius"": 0.3}",0,True,0.0013754169922322035,3,0,0.005476183121061741,0.12994038171965777,0.16018255610208504,0.7237217357458668,37.5454978350479
pathbased,shape,300,2,3,classix,"{""minPts"": 5, ""radius"": 0.5}",0,True,0.0007978329958859831,1,0,0.0,0.0,,,
pathbased,shape,300,2,3,classix,"{""minPts"": 5, ""radius"": 0.8}",0,True,0.0005104169831611216,1,0,0.0,0.0,,,
pathbased,shape,300,2,3,kmeans++,"{""n_clusters"": 3, ""n_init"": 10}",1,False,0.019394250004552305,3,0,0.4797415258613849,0.5606538556651895,0.5092065033223903,0.6929203590749796,304.57954304516096
pathbased,shape,300,2,3,hierarchical_ward,"{""linkage"": ""ward"", ""n_clusters"": 3}",1,True,0.0012408750189933926,3,0,0.45723965835734565,0.5424830588800958,0.5007977633074632,0.6897767869718662,287.287610103582
pathbased,shape,300,2,3,dbscan,"{""eps"": 0.15, ""min_samples"": 5}",1,True,0.0011924999998882413,8,162,0.4348138075929664,0.5182689556608583,-0.06457395953860373,2.6472382130699215,7.941962858051493
pathbased,shape,300,2,3,dbscan,"{""eps"": 0.25, ""min_samples"": 5}",1,True,0.0010643340065144002,11,26,0.5903336818621412,0.6069639162040043,0.23281885461157656,2.247049354065798,100.60224277177265
pathbased,shape,300,2,3,dbscan,"{""eps"": 0.4, ""min_samples"": 5}",1,True,0.0011775839957408607,1,1,0.0002365219381922123,0.006751460705693545,0.025804346278413232,0.81013804288599,1.2476824324881843
pathbased,shape,300,2,3,dbscan,"{""eps"": 0.6, ""min_samples"": 5}",1,True,0.0012413749936968088,1,0,0.0,0.0,,,
pathbased,shape,300,2,3,dbscan,"{""eps"": 0.9, ""min_samples"": 5}",1,True,0.00132079201284796,1,0,0.0,0.0,,,
pathbased,shape,300,2,3,classix,"{""minPts"": 5, ""radius"": 0.1}",1,True,0.0066111659980379045,15,0,0.15109421526229103,0.3807967651499682,0.12232509961591011,0.9852637022806595,178.01136988932353
pathbased,shape,300,2,3,classix,"{""minPts"": 5, ""radius"": 0.2}",1,True,0.002263083995785564,6,0,0.4960885205787845,0.5659802951092389,0.3490903744307149,0.6650215615513649,140.80199675092476
pathbased,shape,300,2,3,classix,"{""minPts"": 5, ""radius"": 0.3}",1,True,0.0013754169922322035,3,0,0.005476183121061741,0.12994038171965777,0.16018255610208504,0.7237217357458668,37.5454978350479
pathbased,shape,300,2,3,classix,"{""minPts"": 5, ""radius"": 0.5}",1,True,0.0007978329958859831,1,0,0.0,0.0,,,
pathbased,shape,300,2,3,classix,"{""minPts"": 5, ""radius"": 0.8}",1,True,0.0005104169831611216,1,0,0.0,0.0,,,
pathbased,shape,300,2,3,kmeans++,"{""n_clusters"": 3, ""n_init"": 10}",2,False,0.018928083998616785,3,0,0.4797415258613849,0.5606538556651895,0.5092065033223903,0.6929203590749796,304.57954304516096
pathbased,shape,300,2,3,hierarchical_ward,"{""linkage"": ""ward"", ""n_clusters"": 3}",2,True,0.0012408750189933926,3,0,0.45723965835734565,0.5424830588800958,0.5007977633074632,0.6897767869718662,287.287610103582
pathbased,shape,300,2,3,dbscan,"{""eps"": 0.15, ""min_samples"": 5}",2,True,0.0011924999998882413,8,162,0.4348138075929664,0.5182689556608583,-0.06457395953860373,2.6472382130699215,7.941962858051493
pathbased,shape,300,2,3,dbscan,"{""eps"": 0.25, ""min_samples"": 5}",2,True,0.0010643340065144002,11,26,0.5903336818621412,0.6069639162040043,0.23281885461157656,2.247049354065798,100.60224277177265
pathbased,shape,300,2,3,dbscan,"{""eps"": 0.4, ""min_samples"": 5}",2,True,0.0011775839957408607,1,1,0.0002365219381922123,0.006751460705693545,0.025804346278413232,0.81013804288599,1.2476824324881843
pathbased,shape,300,2,3,dbscan,"{""eps"": 0.6, ""min_samples"": 5}",2,True,0.0012413749936968088,1,0,0.0,0.0,,,
pathbased,shape,300,2,3,dbscan,"{""eps"": 0.9, ""min_samples"": 5}",2,True,0.00132079201284796,1,0,0.0,0.0,,,
pathbased,shape,300,2,3,classix,"{""minPts"": 5, ""radius"": 0.1}",2,True,0.0066111659980379045,15,0,0.15109421526229103,0.3807967651499682,0.12232509961591011,0.9852637022806595,178.01136988932353
pathbased,shape,300,2,3,classix,"{""minPts"": 5, ""radius"": 0.2}",2,True,0.002263083995785564,6,0,0.4960885205787845,0.5659802951092389,0.3490903744307149,0.6650215615513649,140.80199675092476
pathbased,shape,300,2,3,classix,"{""minPts"": 5, ""radius"": 0.3}",2,True,0.0013754169922322035,3,0,0.005476183121061741,0.12994038171965777,0.16018255610208504,0.7237217357458668,37.5454978350479
pathbased,shape,300,2,3,classix,"{""minPts"": 5, ""radius"": 0.5}",2,True,0.0007978329958859831,1,0,0.0,0.0,,,
pathbased,shape,300,2,3,classix,"{""minPts"": 5, ""radius"": 0.8}",2,True,0.0005104169831611216,1,0,0.0,0.0,,,
pathbased,shape,300,2,3,kmeans++,"{""n_clusters"": 3, ""n_init"": 10}",3,False,0.026644750003470108,3,0,0.4797415258613849,0.5606538556651895,0.5092065033223903,0.6929203590749796,304.57954304516096
pathbased,shape,300,2,3,hierarchical_ward,"{""linkage"": ""ward"", ""n_clusters"": 3}",3,True,0.0012408750189933926,3,0,0.45723965835734565,0.5424830588800958,0.5007977633074632,0.6897767869718662,287.287610103582
pathbased,shape,300,2,3,dbscan,"{""eps"": 0.15, ""min_samples"": 5}",3,True,0.0011924999998882413,8,162,0.4348138075929664,0.5182689556608583,-0.06457395953860373,2.6472382130699215,7.941962858051493
pathbased,shape,300,2,3,dbscan,"{""eps"": 0.25, ""min_samples"": 5}",3,True,0.0010643340065144002,11,26,0.5903336818621412,0.6069639162040043,0.23281885461157656,2.247049354065798,100.60224277177265
pathbased,shape,300,2,3,dbscan,"{""eps"": 0.4, ""min_samples"": 5}",3,True,0.0011775839957408607,1,1,0.0002365219381922123,0.006751460705693545,0.025804346278413232,0.81013804288599,1.2476824324881843
pathbased,shape,300,2,3,dbscan,"{""eps"": 0.6, ""min_samples"": 5}",3,True,0.0012413749936968088,1,0,0.0,0.0,,,
pathbased,shape,300,2,3,dbscan,"{""eps"": 0.9, ""min_samples"": 5}",3,True,0.00132079201284796,1,0,0.0,0.0,,,
pathbased,shape,300,2,3,classix,"{""minPts"": 5, ""radius"": 0.1}",3,True,0.0066111659980379045,15,0,0.15109421526229103,0.3807967651499682,0.12232509961591011,0.9852637022806595,178.01136988932353
pathbased,shape,300,2,3,classix,"{""minPts"": 5, ""radius"": 0.2}",3,True,0.002263083995785564,6,0,0.4960885205787845,0.5659802951092389,0.3490903744307149,0.6650215615513649,140.80199675092476
pathbased,shape,300,2,3,classix,"{""minPts"": 5, ""radius"": 0.3}",3,True,0.0013754169922322035,3,0,0.005476183121061741,0.12994038171965777,0.16018255610208504,0.7237217357458668,37.5454978350479
pathbased,shape,300,2,3,classix,"{""minPts"": 5, ""radius"": 0.5}",3,True,0.0007978329958859831,1,0,0.0,0.0,,,
pathbased,shape,300,2,3,classix,"{""minPts"": 5, ""radius"": 0.8}",3,True,0.0005104169831611216,1,0,0.0,0.0,,,
pathbased,shape,300,2,3,kmeans++,"{""n_clusters"": 3, ""n_init"": 10}",4,False,0.025209292012732476,3,0,0.4797415258613849,0.5606538556651895,0.5092065033223903,0.6929203590749796,304.57954304516096
pathbased,shape,300,2,3,hierarchical_ward,"{""linkage"": ""ward"", ""n_clusters"": 3}",4,True,0.0012408750189933926,3,0,0.45723965835734565,0.5424830588800958,0.5007977633074632,0.6897767869718662,287.287610103582
pathbased,shape,300,2,3,dbscan,"{""eps"": 0.15, ""min_samples"": 5}",4,True,0.0011924999998882413,8,162,0.4348138075929664,0.5182689556608583,-0.06457395953860373,2.6472382130699215,7.941962858051493
pathbased,shape,300,2,3,dbscan,"{""eps"": 0.25, ""min_samples"": 5}",4,True,0.0010643340065144002,11,26,0.5903336818621412,0.6069639162040043,0.23281885461157656,2.247049354065798,100.60224277177265
pathbased,shape,300,2,3,dbscan,"{""eps"": 0.4, ""min_samples"": 5}",4,True,0.0011775839957408607,1,1,0.0002365219381922123,0.006751460705693545,0.025804346278413232,0.81013804288599,1.2476824324881843
pathbased,shape,300,2,3,dbscan,"{""eps"": 0.6, ""min_samples"": 5}",4,True,0.0012413749936968088,1,0,0.0,0.0,,,
pathbased,shape,300,2,3,dbscan,"{""eps"": 0.9, ""min_samples"": 5}",4,True,0.00132079201284796,1,0,0.0,0.0,,,
pathbased,shape,300,2,3,classix,"{""minPts"": 5, ""radius"": 0.1}",4,True,0.0066111659980379045,15,0,0.15109421526229103,0.3807967651499682,0.12232509961591011,0.9852637022806595,178.01136988932353
pathbased,shape,300,2,3,classix,"{""minPts"": 5, ""radius"": 0.2}",4,True,0.002263083995785564,6,0,0.4960885205787845,0.5659802951092389,0.3490903744307149,0.6650215615513649,140.80199675092476
pathbased,shape,300,2,3,classix,"{""minPts"": 5, ""radius"": 0.3}",4,True,0.0013754169922322035,3,0,0.005476183121061741,0.12994038171965777,0.16018255610208504,0.7237217357458668,37.5454978350479
pathbased,shape,300,2,3,classix,"{""minPts"": 5, ""radius"": 0.5}",4,True,0.0007978329958859831,1,0,0.0,0.0,,,
pathbased,shape,300,2,3,classix,"{""minPts"": 5, ""radius"": 0.8}",4,True,0.0005104169831611216,1,0,0.0,0.0,,,
r15,shape,600,2,15,kmeans++,"{""n_clusters"": 15, ""n_init"": 10}",0,False,0.031600333022652194,15,0,0.9927781994136302,0.9942285075104653,0.752735114418686,0.31482177625370045,4871.8640949063065
r15,shape,600,2,15,hierarchical_ward,"{""linkage"": ""ward"", ""n_clusters"": 15}",0,True,0.005181249987799674,15,0,0.9819955008205571,0.9864167293669317,0.7495032842997015,0.319800315384913,4783.621607666748
r15,shape,600,2,15,dbscan,"{""eps"": 0.15, ""min_samples"": 5}",0,True,0.0019472079875413328,11,5,0.5458189121764303,0.8783309426057434,0.4841665190137412,5.232383796049092,687.9302876597864
r15,shape,600,2,15,dbscan,"{""eps"": 0.25, ""min_samples"": 5}",0,True,0.001996542006963864,8,0,0.2636754763368162,0.7425078304557066,0.653006125666107,0.34872775486793317,760.0819366111348
r15,shape,600,2,15,dbscan,"{""eps"": 0.4, ""min_samples"": 5}",0,True,0.002031957992585376,8,0,0.2636754763368162,0.7425078304557066,0.653006125666107,0.34872775486793317,760.0819366111348
r15,shape,600,2,15,dbscan,"{""eps"": 0.6, ""min_samples"": 5}",0,True,0.002505708020180464,8,0,0.2636754763368162,0.7425078304557066,0.653006125666107,0.34872775486793317,760.0819366111348
r15,shape,600,2,15,dbscan,"{""eps"": 0.9, ""min_samples"": 5}",0,True,0.0030482089787255973,7,0,0.19973279893119572,0.6782796145175144,0.5431397686960907,0.42464305072557135,366.0602433457326
r15,shape,600,2,15,classix,"{""minPts"": 5, ""radius"": 0.1}",0,True,0.006932332995347679,16,0,0.9039702676792366,0.9644358814234874,0.6428777290083002,0.5164284878687182,2951.213347582922
r15,shape,600,2,15,classix,"{""minPts"": 5, ""radius"": 0.2}",0,True,0.0031749159970786422,8,0,0.2636754763368162,0.7425078304557066,0.653006125666107,0.34872775486793317,760.0819366111348
r15,shape,600,2,15,classix,"{""minPts"": 5, ""radius"": 0.3}",0,True,0.0019043749780394137,9,0,0.3424807903402854,0.7985604281111502,0.5199125314729227,0.4707455737734381,799.5618833605273
r15,shape,600,2,15,classix,"{""minPts"": 5, ""radius"": 0.5}",0,True,0.0011309580004308373,8,0,0.2636754763368162,0.7425078304557066,0.653006125666107,0.34872775486793317,760.0819366111348
r15,shape,600,2,15,classix,"{""minPts"": 5, ""radius"": 0.8}",0,True,0.0008357079932466149,8,0,0.2636754763368162,0.7425078304557066,0.653006125666107,0.34872775486793317,760.0819366111348
r15,shape,600,2,15,kmeans++,"{""n_clusters"": 15, ""n_init"": 10}",1,False,0.039900457981275395,15,0,0.9927781994136302,0.9942285075104654,0.752735114418686,0.31482177625370045,4871.8640949063065
r15,shape,600,2,15,hierarchical_ward,"{""linkage"": ""ward"", ""n_clusters"": 15}",1,True,0.005181249987799674,15,0,0.9819955008205571,0.9864167293669317,0.7495032842997015,0.319800315384913,4783.621607666748
r15,shape,600,2,15,dbscan,"{""eps"": 0.15, ""min_samples"": 5}",1,True,0.0019472079875413328,11,5,0.5458189121764303,0.8783309426057434,0.4841665190137412,5.232383796049092,687.9302876597864
r15,shape,600,2,15,dbscan,"{""eps"": 0.25, ""min_samples"": 5}",1,True,0.001996542006963864,8,0,0.2636754763368162,0.7425078304557066,0.653006125666107,0.34872775486793317,760.0819366111348
r15,shape,600,2,15,dbscan,"{""eps"": 0.4, ""min_samples"": 5}",1,True,0.002031957992585376,8,0,0.2636754763368162,0.7425078304557066,0.653006125666107,0.34872775486793317,760.0819366111348
r15,shape,600,2,15,dbscan,"{""eps"": 0.6, ""min_samples"": 5}",1,True,0.002505708020180464,8,0,0.2636754763368162,0.7425078304557066,0.653006125666107,0.34872775486793317,760.0819366111348
r15,shape,600,2,15,dbscan,"{""eps"": 0.9, ""min_samples"": 5}",1,True,0.0030482089787255973,7,0,0.19973279893119572,0.6782796145175144,0.5431397686960907,0.42464305072557135,366.0602433457326
r15,shape,600,2,15,classix,"{""minPts"": 5, ""radius"": 0.1}",1,True,0.006932332995347679,16,0,0.9039702676792366,0.9644358814234874,0.6428777290083002,0.5164284878687182,2951.213347582922
r15,shape,600,2,15,classix,"{""minPts"": 5, ""radius"": 0.2}",1,True,0.0031749159970786422,8,0,0.2636754763368162,0.7425078304557066,0.653006125666107,0.34872775486793317,760.0819366111348
r15,shape,600,2,15,classix,"{""minPts"": 5, ""radius"": 0.3}",1,True,0.0019043749780394137,9,0,0.3424807903402854,0.7985604281111502,0.5199125314729227,0.4707455737734381,799.5618833605273
r15,shape,600,2,15,classix,"{""minPts"": 5, ""radius"": 0.5}",1,True,0.0011309580004308373,8,0,0.2636754763368162,0.7425078304557066,0.653006125666107,0.34872775486793317,760.0819366111348
r15,shape,600,2,15,classix,"{""minPts"": 5, ""radius"": 0.8}",1,True,0.0008357079932466149,8,0,0.2636754763368162,0.7425078304557066,0.653006125666107,0.34872775486793317,760.0819366111348
r15,shape,600,2,15,kmeans++,"{""n_clusters"": 15, ""n_init"": 10}",2,False,0.02883216700865887,15,0,0.9927781994136302,0.9942285075104654,0.752735114418686,0.31482177625370056,4871.864094906306
r15,shape,600,2,15,hierarchical_ward,"{""linkage"": ""ward"", ""n_clusters"": 15}",2,True,0.005181249987799674,15,0,0.9819955008205571,0.9864167293669317,0.7495032842997015,0.319800315384913,4783.621607666748
r15,shape,600,2,15,dbscan,"{""eps"": 0.15, ""min_samples"": 5}",2,True,0.0019472079875413328,11,5,0.5458189121764303,0.8783309426057434,0.4841665190137412,5.232383796049092,687.9302876597864
r15,shape,600,2,15,dbscan,"{""eps"": 0.25, ""min_samples"": 5}",2,True,0.001996542006963864,8,0,0.2636754763368162,0.7425078304557066,0.653006125666107,0.34872775486793317,760.0819366111348
r15,shape,600,2,15,dbscan,"{""eps"": 0.4, ""min_samples"": 5}",2,True,0.002031957992585376,8,0,0.2636754763368162,0.7425078304557066,0.653006125666107,0.34872775486793317,760.0819366111348
r15,shape,600,2,15,dbscan,"{""eps"": 0.6, ""min_samples"": 5}",2,True,0.002505708020180464,8,0,0.2636754763368162,0.7425078304557066,0.653006125666107,0.34872775486793317,760.0819366111348
r15,shape,600,2,15,dbscan,"{""eps"": 0.9, ""min_samples"": 5}",2,True,0.0030482089787255973,7,0,0.19973279893119572,0.6782796145175144,0.5431397686960907,0.42464305072557135,366.0602433457326
r15,shape,600,2,15,classix,"{""minPts"": 5, ""radius"": 0.1}",2,True,0.006932332995347679,16,0,0.9039702676792366,0.9644358814234874,0.6428777290083002,0.5164284878687182,2951.213347582922
r15,shape,600,2,15,classix,"{""minPts"": 5, ""radius"": 0.2}",2,True,0.0031749159970786422,8,0,0.2636754763368162,0.7425078304557066,0.653006125666107,0.34872775486793317,760.0819366111348
r15,shape,600,2,15,classix,"{""minPts"": 5, ""radius"": 0.3}",2,True,0.0019043749780394137,9,0,0.3424807903402854,0.7985604281111502,0.5199125314729227,0.4707455737734381,799.5618833605273
r15,shape,600,2,15,classix,"{""minPts"": 5, ""radius"": 0.5}",2,True,0.0011309580004308373,8,0,0.2636754763368162,0.7425078304557066,0.653006125666107,0.34872775486793317,760.0819366111348
r15,shape,600,2,15,classix,"{""minPts"": 5, ""radius"": 0.8}",2,True,0.0008357079932466149,8,0,0.2636754763368162,0.7425078304557066,0.653006125666107,0.34872775486793317,760.0819366111348
r15,shape,600,2,15,kmeans++,"{""n_clusters"": 15, ""n_init"": 10}",3,False,0.030791750003118068,15,0,0.9927781994136302,0.9942285075104654,0.752735114418686,0.3148217762537005,4871.864094906306
r15,shape,600,2,15,hierarchical_ward,"{""linkage"": ""ward"", ""n_clusters"": 15}",3,True,0.005181249987799674,15,0,0.9819955008205571,0.9864167293669317,0.7495032842997015,0.319800315384913,4783.621607666748
r15,shape,600,2,15,dbscan,"{""eps"": 0.15, ""min_samples"": 5}",3,True,0.0019472079875413328,11,5,0.5458189121764303,0.8783309426057434,0.4841665190137412,5.232383796049092,687.9302876597864
r15,shape,600,2,15,dbscan,"{""eps"": 0.25, ""min_samples"": 5}",3,True,0.001996542006963864,8,0,0.2636754763368162,0.7425078304557066,0.653006125666107,0.34872775486793317,760.0819366111348
r15,shape,600,2,15,dbscan,"{""eps"": 0.4, ""min_samples"": 5}",3,True,0.002031957992585376,8,0,0.2636754763368162,0.7425078304557066,0.653006125666107,0.34872775486793317,760.0819366111348
r15,shape,600,2,15,dbscan,"{""eps"": 0.6, ""min_samples"": 5}",3,True,0.002505708020180464,8,0,0.2636754763368162,0.7425078304557066,0.653006125666107,0.34872775486793317,760.0819366111348
r15,shape,600,2,15,dbscan,"{""eps"": 0.9, ""min_samples"": 5}",3,True,0.0030482089787255973,7,0,0.19973279893119572,0.6782796145175144,0.5431397686960907,0.42464305072557135,366.0602433457326
r15,shape,600,2,15,classix,"{""minPts"": 5, ""radius"": 0.1}",3,True,0.006932332995347679,16,0,0.9039702676792366,0.9644358814234874,0.6428777290083002,0.5164284878687182,2951.213347582922
r15,shape,600,2,15,classix,"{""minPts"": 5, ""radius"": 0.2}",3,True,0.0031749159970786422,8,0,0.2636754763368162,0.7425078304557066,0.653006125666107,0.34872775486793317,760.0819366111348
r15,shape,600,2,15,classix,"{""minPts"": 5, ""radius"": 0.3}",3,True,0.0019043749780394137,9,0,0.3424807903402854,0.7985604281111502,0.5199125314729227,0.4707455737734381,799.5618833605273
r15,shape,600,2,15,classix,"{""minPts"": 5, ""radius"": 0.5}",3,True,0.0011309580004308373,8,0,0.2636754763368162,0.7425078304557066,0.653006125666107,0.34872775486793317,760.0819366111348
r15,shape,600,2,15,classix,"{""minPts"": 5, ""radius"": 0.8}",3,True,0.0008357079932466149,8,0,0.2636754763368162,0.7425078304557066,0.653006125666107,0.34872775486793317,760.0819366111348
r15,shape,600,2,15,kmeans++,"{""n_clusters"": 15, ""n_init"": 10}",4,False,0.03410625000833534,15,0,0.9927781994136302,0.9942285075104654,0.752735114418686,0.3148217762537005,4871.8640949063065
r15,shape,600,2,15,hierarchical_ward,"{""linkage"": ""ward"", ""n_clusters"": 15}",4,True,0.005181249987799674,15,0,0.9819955008205571,0.9864167293669317,0.7495032842997015,0.319800315384913,4783.621607666748
r15,shape,600,2,15,dbscan,"{""eps"": 0.15, ""min_samples"": 5}",4,True,0.0019472079875413328,11,5,0.5458189121764303,0.8783309426057434,0.4841665190137412,5.232383796049092,687.9302876597864
r15,shape,600,2,15,dbscan,"{""eps"": 0.25, ""min_samples"": 5}",4,True,0.001996542006963864,8,0,0.2636754763368162,0.7425078304557066,0.653006125666107,0.34872775486793317,760.0819366111348
r15,shape,600,2,15,dbscan,"{""eps"": 0.4, ""min_samples"": 5}",4,True,0.002031957992585376,8,0,0.2636754763368162,0.7425078304557066,0.653006125666107,0.34872775486793317,760.0819366111348
r15,shape,600,2,15,dbscan,"{""eps"": 0.6, ""min_samples"": 5}",4,True,0.002505708020180464,8,0,0.2636754763368162,0.7425078304557066,0.653006125666107,0.34872775486793317,760.0819366111348
r15,shape,600,2,15,dbscan,"{""eps"": 0.9, ""min_samples"": 5}",4,True,0.0030482089787255973,7,0,0.19973279893119572,0.6782796145175144,0.5431397686960907,0.42464305072557135,366.0602433457326
r15,shape,600,2,15,classix,"{""minPts"": 5, ""radius"": 0.1}",4,True,0.006932332995347679,16,0,0.9039702676792366,0.9644358814234874,0.6428777290083002,0.5164284878687182,2951.213347582922
r15,shape,600,2,15,classix,"{""minPts"": 5, ""radius"": 0.2}",4,True,0.0031749159970786422,8,0,0.2636754763368162,0.7425078304557066,0.653006125666107,0.34872775486793317,760.0819366111348
r15,shape,600,2,15,classix,"{""minPts"": 5, ""radius"": 0.3}",4,True,0.0019043749780394137,9,0,0.3424807903402854,0.7985604281111502,0.5199125314729227,0.4707455737734381,799.5618833605273
r15,shape,600,2,15,classix,"{""minPts"": 5, ""radius"": 0.5}",4,True,0.0011309580004308373,8,0,0.2636754763368162,0.7425078304557066,0.653006125666107,0.34872775486793317,760.0819366111348
r15,shape,600,2,15,classix,"{""minPts"": 5, ""radius"": 0.8}",4,True,0.0008357079932466149,8,0,0.2636754763368162,0.7425078304557066,0.653006125666107,0.34872775486793317,760.0819366111348
spiral,shape,312,2,3,kmeans++,"{""n_clusters"": 3, ""n_init"": 10}",0,False,0.04804254198097624,3,0,-0.005585280889939624,0.0007340990797314182,0.36156304610711965,0.872201299098379,237.79134678251108
spiral,shape,312,2,3,hierarchical_ward,"{""linkage"": ""ward"", ""n_clusters"": 3}",0,True,0.0017623750027269125,3,0,-0.004263516705289402,0.0017396985123883761,0.3277786301059895,0.9225417329975096,195.0664952136883
spiral,shape,312,2,3,dbscan,"{""eps"": 0.15, ""min_samples"": 5}",0,True,0.0011422919924370944,3,180,0.1668568657375764,0.41407533169591043,-0.10218321204949841,3.7415059674869404,8.381166182739555
spiral,shape,312,2,3,dbscan,"{""eps"": 0.25, ""min_samples"": 5}",0,True,0.001058333000401035,4,36,0.7945129831112125,0.7805687583474902,-0.08973717399121654,9.181242018660296,6.505578363592618
spiral,shape,312,2,3,dbscan,"{""eps"": 0.4, ""min_samples"": 5}",0,True,0.001065958000253886,3,0,1.0,1.0,0.0013930072268410264,5.819660572385967,5.791604617514871
spiral,shape,312,2,3,dbscan,"{""eps"": 0.6, ""min_samples"": 5}",0,True,0.0012045409821439534,1,0,0.0,0.0,,,
spiral,shape,312,2,3,dbscan,"{""eps"": 0.9, ""min_samples"": 5}",0,True,0.001428957999451086,1,0,0.0,0.0,,,
spiral,shape,312,2,3,classix,"{""minPts"": 5, ""radius"": 0.1}",0,True,0.005014541995478794,7,0,0.29424404766882456,0.4414901230304317,0.02339170324139357,2.3583936116405337,65.96463286933411
spiral,shape,312,2,3,classix,"{""minPts"": 5, ""radius"": 0.2}",0,True,0.003197167010512203,4,0,0.8999805805491081,0.9206772236893284,-0.008876863277469633,9.258935505392074,22.04972873915997
spiral,shape,312,2,3,classix,"{""minPts"": 5, ""radius"": 0.3}",0,True,0.0022365830081980675,1,0,0.0,0.0,,,
spiral,shape,312,2,3,classix,"{""minPts"": 5, ""radius"": 0.5}",0,True,0.0011920830002054572,1,0,0.0,0.0,,,
spiral,shape,312,2,3,classix,"{""minPts"": 5, ""radius"": 0.8}",0,True,0.000742375006666407,1,0,0.0,0.0,,,
spiral,shape,312,2,3,kmeans++,"{""n_clusters"": 3, ""n_init"": 10}",1,False,0.1932649170048535,3,0,-0.00539531467588367,0.0008900050873915962,0.36184596027751553,0.8732349528125068,237.7812431068662
spiral,shape,312,2,3,hierarchical_ward,"{""linkage"": ""ward"", ""n_clusters"": 3}",1,True,0.0017623750027269125,3,0,-0.004263516705289402,0.0017396985123883761,0.3277786301059895,0.9225417329975096,195.0664952136883
spiral,shape,312,2,3,dbscan,"{""eps"": 0.15, ""min_samples"": 5}",1,True,0.0011422919924370944,3,180,0.1668568657375764,0.41407533169591043,-0.10218321204949841,3.7415059674869404,8.381166182739555
spiral,shape,312,2,3,dbscan,"{""eps"": 0.25, ""min_samples"": 5}",1,True,0.001058333000401035,4,36,0.7945129831112125,0.7805687583474902,-0.08973717399121654,9.181242018660296,6.505578363592618
spiral,shape,312,2,3,dbscan,"{""eps"": 0.4, ""min_samples"": 5}",1,True,0.001065958000253886,3,0,1.0,1.0,0.0013930072268410264,5.819660572385967,5.791604617514871
spiral,shape,312,2,3,dbscan,"{""eps"": 0.6, ""min_samples"": 5}",1,True,0.0012045409821439534,1,0,0.0,0.0,,,
spiral,shape,312,2,3,dbscan,"{""eps"": 0.9, ""min_samples"": 5}",1,True,0.001428957999451086,1,0,0.0,0.0,,,
spiral,shape,312,2,3,classix,"{""minPts"": 5, ""radius"": 0.1}",1,True,0.005014541995478794,7,0,0.29424404766882456,0.4414901230304317,0.02339170324139357,2.3583936116405337,65.96463286933411
spiral,shape,312,2,3,classix,"{""minPts"": 5, ""radius"": 0.2}",1,True,0.003197167010512203,4,0,0.8999805805491081,0.9206772236893284,-0.008876863277469633,9.258935505392074,22.04972873915997
spiral,shape,312,2,3,classix,"{""minPts"": 5, ""radius"": 0.3}",1,True,0.0022365830081980675,1,0,0.0,0.0,,,
spiral,shape,312,2,3,classix,"{""minPts"": 5, ""radius"": 0.5}",1,True,0.0011920830002054572,1,0,0.0,0.0,,,
spiral,shape,312,2,3,classix,"{""minPts"": 5, ""radius"": 0.8}",1,True,0.000742375006666407,1,0,0.0,0.0,,,
spiral,shape,312,2,3,kmeans++,"{""n_clusters"": 3, ""n_init"": 10}",2,False,0.01954712497536093,3,0,-0.0060252369726964605,0.00036186363285011853,0.36039419815296814,0.8716639262500374,237.79619950479164
spiral,shape,312,2,3,hierarchical_ward,"{""linkage"": ""ward"", ""n_clusters"": 3}",2,True,0.0017623750027269125,3,0,-0.004263516705289402,0.0017396985123883761,0.3277786301059895,0.9225417329975096,195.0664952136883
spiral,shape,312,2,3,dbscan,"{""eps"": 0.15, ""min_samples"": 5}",2,True,0.0011422919924370944,3,180,0.1668568657375764,0.41407533169591043,-0.10218321204949841,3.7415059674869404,8.381166182739555
spiral,shape,312,2,3,dbscan,"{""eps"": 0.25, ""min_samples"": 5}",2,True,0.001058333000401035,4,36,0.7945129831112125,0.7805687583474902,-0.08973717399121654,9.181242018660296,6.505578363592618
spiral,shape,312,2,3,dbscan,"{""eps"": 0.4, ""min_samples"": 5}",2,True,0.001065958000253886,3,0,1.0,1.0,0.0013930072268410264,5.819660572385967,5.791604617514871
spiral,shape,312,2,3,dbscan,"{""eps"": 0.6, ""min_samples"": 5}",2,True,0.0012045409821439534,1,0,0.0,0.0,,,
spiral,shape,312,2,3,dbscan,"{""eps"": 0.9, ""min_samples"": 5}",2,True,0.001428957999451086,1,0,0.0,0.0,,,
spiral,shape,312,2,3,classix,"{""minPts"": 5, ""radius"": 0.1}",2,True,0.005014541995478794,7,0,0.29424404766882456,0.4414901230304317,0.02339170324139357,2.3583936116405337,65.96463286933411
spiral,shape,312,2,3,classix,"{""minPts"": 5, ""radius"": 0.2}",2,True,0.003197167010512203,4,0,0.8999805805491081,0.9206772236893284,-0.008876863277469633,9.258935505392074,22.04972873915997
spiral,shape,312,2,3,classix,"{""minPts"": 5, ""radius"": 0.3}",2,True,0.0022365830081980675,1,0,0.0,0.0,,,
spiral,shape,312,2,3,classix,"{""minPts"": 5, ""radius"": 0.5}",2,True,0.0011920830002054572,1,0,0.0,0.0,,,
spiral,shape,312,2,3,classix,"{""minPts"": 5, ""radius"": 0.8}",2,True,0.000742375006666407,1,0,0.0,0.0,,,
spiral,shape,312,2,3,kmeans++,"{""n_clusters"": 3, ""n_init"": 10}",3,False,0.016972958983387798,3,0,-0.005680709924327783,0.0006554318204931861,0.3619014060866812,0.8734723107233924,237.41863620823585
spiral,shape,312,2,3,hierarchical_ward,"{""linkage"": ""ward"", ""n_clusters"": 3}",3,True,0.0017623750027269125,3,0,-0.004263516705289402,0.0017396985123883761,0.3277786301059895,0.9225417329975096,195.0664952136883
spiral,shape,312,2,3,dbscan,"{""eps"": 0.15, ""min_samples"": 5}",3,True,0.0011422919924370944,3,180,0.1668568657375764,0.41407533169591043,-0.10218321204949841,3.7415059674869404,8.381166182739555
spiral,shape,312,2,3,dbscan,"{""eps"": 0.25, ""min_samples"": 5}",3,True,0.001058333000401035,4,36,0.7945129831112125,0.7805687583474902,-0.08973717399121654,9.181242018660296,6.505578363592618
spiral,shape,312,2,3,dbscan,"{""eps"": 0.4, ""min_samples"": 5}",3,True,0.001065958000253886,3,0,1.0,1.0,0.0013930072268410264,5.819660572385967,5.791604617514871
spiral,shape,312,2,3,dbscan,"{""eps"": 0.6, ""min_samples"": 5}",3,True,0.0012045409821439534,1,0,0.0,0.0,,,
spiral,shape,312,2,3,dbscan,"{""eps"": 0.9, ""min_samples"": 5}",3,True,0.001428957999451086,1,0,0.0,0.0,,,
spiral,shape,312,2,3,classix,"{""minPts"": 5, ""radius"": 0.1}",3,True,0.005014541995478794,7,0,0.29424404766882456,0.4414901230304317,0.02339170324139357,2.3583936116405337,65.96463286933411
spiral,shape,312,2,3,classix,"{""minPts"": 5, ""radius"": 0.2}",3,True,0.003197167010512203,4,0,0.8999805805491081,0.9206772236893284,-0.008876863277469633,9.258935505392074,22.04972873915997
spiral,shape,312,2,3,classix,"{""minPts"": 5, ""radius"": 0.3}",3,True,0.0022365830081980675,1,0,0.0,0.0,,,
spiral,shape,312,2,3,classix,"{""minPts"": 5, ""radius"": 0.5}",3,True,0.0011920830002054572,1,0,0.0,0.0,,,
spiral,shape,312,2,3,classix,"{""minPts"": 5, ""radius"": 0.8}",3,True,0.000742375006666407,1,0,0.0,0.0,,,
spiral,shape,312,2,3,kmeans++,"{""n_clusters"": 3, ""n_init"": 10}",4,False,0.01786424999590963,3,0,-0.005731382978647008,0.0005979128127171079,0.36162860980249323,0.8734774442708373,237.8706407866257
spiral,shape,312,2,3,hierarchical_ward,"{""linkage"": ""ward"", ""n_clusters"": 3}",4,True,0.0017623750027269125,3,0,-0.004263516705289402,0.0017396985123883761,0.3277786301059895,0.9225417329975096,195.0664952136883
spiral,shape,312,2,3,dbscan,"{""eps"": 0.15, ""min_samples"": 5}",4,True,0.0011422919924370944,3,180,0.1668568657375764,0.41407533169591043,-0.10218321204949841,3.7415059674869404,8.381166182739555
spiral,shape,312,2,3,dbscan,"{""eps"": 0.25, ""min_samples"": 5}",4,True,0.001058333000401035,4,36,0.7945129831112125,0.7805687583474902,-0.08973717399121654,9.181242018660296,6.505578363592618
spiral,shape,312,2,3,dbscan,"{""eps"": 0.4, ""min_samples"": 5}",4,True,0.001065958000253886,3,0,1.0,1.0,0.0013930072268410264,5.819660572385967,5.791604617514871
spiral,shape,312,2,3,dbscan,"{""eps"": 0.6, ""min_samples"": 5}",4,True,0.0012045409821439534,1,0,0.0,0.0,,,
spiral,shape,312,2,3,dbscan,"{""eps"": 0.9, ""min_samples"": 5}",4,True,0.001428957999451086,1,0,0.0,0.0,,,
spiral,shape,312,2,3,classix,"{""minPts"": 5, ""radius"": 0.1}",4,True,0.005014541995478794,7,0,0.29424404766882456,0.4414901230304317,0.02339170324139357,2.3583936116405337,65.96463286933411
spiral,shape,312,2,3,classix,"{""minPts"": 5, ""radius"": 0.2}",4,True,0.003197167010512203,4,0,0.8999805805491081,0.9206772236893284,-0.008876863277469633,9.258935505392074,22.04972873915997
spiral,shape,312,2,3,classix,"{""minPts"": 5, ""radius"": 0.3}",4,True,0.0022365830081980675,1,0,0.0,0.0,,,
spiral,shape,312,2,3,classix,"{""minPts"": 5, ""radius"": 0.5}",4,True,0.0011920830002054572,1,0,0.0,0.0,,,
spiral,shape,312,2,3,classix,"{""minPts"": 5, ""radius"": 0.8}",4,True,0.000742375006666407,1,0,0.0,0.0,,,
iris,real,150,4,3,kmeans++,"{""n_clusters"": 3, ""n_init"": 10}",0,False,0.0072290409880224615,3,0,0.6201351808870379,0.659486892724918,0.45897178670187166,0.8354098493935599,239.34180132491107
iris,real,150,4,3,hierarchical_ward,"{""linkage"": ""ward"", ""n_clusters"": 3}",0,True,0.0005597500130534172,3,0,0.6153229932145449,0.6754701853436886,0.44553956399200406,0.805940469032997,220.2604374375408
iris,real,150,4,3,dbscan,"{""eps"": 0.15, ""min_samples"": 5}",0,True,0.0007060829957481474,0,150,0.0,0.0,,,
iris,real,150,4,3,dbscan,"{""eps"": 0.25, ""min_samples"": 5}",0,True,0.0006445829931180924,4,132,0.037367962325014416,0.18283897385272643,0.10639646281081941,0.9168160519348107,7.901943662388917
iris,real,150,4,3,dbscan,"{""eps"": 0.4, ""min_samples"": 5}",0,True,0.0006469579820986837,6,66,0.36550715288152474,0.5193243715808095,0.027336797208036927,3.2497689608188316,23.293108983147068
iris,real,150,4,3,dbscan,"{""eps"": 0.6, ""min_samples"": 5}",0,True,0.0006847500044386834,2,26,0.4706267335681117,0.5407961567255838,0.4023782804923913,7.063546681437917,90.2038274219187
iris,real,150,4,3,dbscan,"{""eps"": 0.9, ""min_samples"": 5}",0,True,0.000941832986427471,2,4,0.5517553852833211,0.6899788289414182,0.5205966153011559,1.9404306598968126,124.98561565026787
iris,real,150,4,3,classix,"{""minPts"": 5, ""radius"": 0.1}",0,True,0.005986583011690527,6,0,0.40749704813908355,0.5421965961954897,0.2444397138074542,1.2155602874950204,144.6243895958939
iris,real,150,4,3,classix,"{""minPts"": 5, ""radius"": 0.2}",0,True,0.0029245420009829104,2,0,0.5681159420289855,0.7336804366512104,0.580184463257396,0.5975546650809878,248.90342786485118
iris,real,150,4,3,classix,"{""minPts"": 5, ""radius"": 0.3}",0,True,0.0017306670197285712,2,0,0.5681159420289855,0.7336804366512104,0.580184463257396,0.5975546650809878,248.90342786485118
iris,real,150,4,3,classix,"{""minPts"": 5, ""radius"": 0.5}",0,True,0.0009727499855216593,2,0,0.5437515388376617,0.6924541904553437,0.5753869579723335,0.5963088291305927,237.82590430675975
iris,real,150,4,3,classix,"{""minPts"": 5, ""radius"": 0.8}",0,True,0.0006201250071171671,1,0,0.0,0.0,,,
iris,real,150,4,3,kmeans++,"{""n_clusters"": 3, ""n_init"": 10}",1,False,0.00726858398411423,3,0,0.6201351808870379,0.659486892724918,0.45897178670187166,0.8354098493935599,239.34180132491107
iris,real,150,4,3,hierarchical_ward,"{""linkage"": ""ward"", ""n_clusters"": 3}",1,True,0.0005597500130534172,3,0,0.6153229932145449,0.6754701853436886,0.44553956399200406,0.805940469032997,220.2604374375408
iris,real,150,4,3,dbscan,"{""eps"": 0.15, ""min_samples"": 5}",1,True,0.0007060829957481474,0,150,0.0,0.0,,,
iris,real,150,4,3,dbscan,"{""eps"": 0.25, ""min_samples"": 5}",1,True,0.0006445829931180924,4,132,0.037367962325014416,0.18283897385272643,0.10639646281081941,0.9168160519348107,7.901943662388917
iris,real,150,4,3,dbscan,"{""eps"": 0.4, ""min_samples"": 5}",1,True,0.0006469579820986837,6,66,0.36550715288152474,0.5193243715808095,0.027336797208036927,3.2497689608188316,23.293108983147068
iris,real,150,4,3,dbscan,"{""eps"": 0.6, ""min_samples"": 5}",1,True,0.0006847500044386834,2,26,0.4706267335681117,0.5407961567255838,0.4023782804923913,7.063546681437917,90.2038274219187
iris,real,150,4,3,dbscan,"{""eps"": 0.9, ""min_samples"": 5}",1,True,0.000941832986427471,2,4,0.5517553852833211,0.6899788289414182,0.5205966153011559,1.9404306598968126,124.98561565026787
iris,real,150,4,3,classix,"{""minPts"": 5, ""radius"": 0.1}",1,True,0.005986583011690527,6,0,0.40749704813908355,0.5421965961954897,0.2444397138074542,1.2155602874950204,144.6243895958939
iris,real,150,4,3,classix,"{""minPts"": 5, ""radius"": 0.2}",1,True,0.0029245420009829104,2,0,0.5681159420289855,0.7336804366512104,0.580184463257396,0.5975546650809878,248.90342786485118
iris,real,150,4,3,classix,"{""minPts"": 5, ""radius"": 0.3}",1,True,0.0017306670197285712,2,0,0.5681159420289855,0.7336804366512104,0.580184463257396,0.5975546650809878,248.90342786485118
iris,real,150,4,3,classix,"{""minPts"": 5, ""radius"": 0.5}",1,True,0.0009727499855216593,2,0,0.5437515388376617,0.6924541904553437,0.5753869579723335,0.5963088291305927,237.82590430675975
iris,real,150,4,3,classix,"{""minPts"": 5, ""radius"": 0.8}",1,True,0.0006201250071171671,1,0,0.0,0.0,,,
iris,real,150,4,3,kmeans++,"{""n_clusters"": 3, ""n_init"": 10}",2,False,0.007180374988820404,3,0,0.6201351808870379,0.659486892724918,0.45897178670187166,0.8354098493935599,239.34180132491107
iris,real,150,4,3,hierarchical_ward,"{""linkage"": ""ward"", ""n_clusters"": 3}",2,True,0.0005597500130534172,3,0,0.6153229932145449,0.6754701853436886,0.44553956399200406,0.805940469032997,220.2604374375408
iris,real,150,4,3,dbscan,"{""eps"": 0.15, ""min_samples"": 5}",2,True,0.0007060829957481474,0,150,0.0,0.0,,,
iris,real,150,4,3,dbscan,"{""eps"": 0.25, ""min_samples"": 5}",2,True,0.0006445829931180924,4,132,0.037367962325014416,0.18283897385272643,0.10639646281081941,0.9168160519348107,7.901943662388917
iris,real,150,4,3,dbscan,"{""eps"": 0.4, ""min_samples"": 5}",2,True,0.0006469579820986837,6,66,0.36550715288152474,0.5193243715808095,0.027336797208036927,3.2497689608188316,23.293108983147068
iris,real,150,4,3,dbscan,"{""eps"": 0.6, ""min_samples"": 5}",2,True,0.0006847500044386834,2,26,0.4706267335681117,0.5407961567255838,0.4023782804923913,7.063546681437917,90.2038274219187
iris,real,150,4,3,dbscan,"{""eps"": 0.9, ""min_samples"": 5}",2,True,0.000941832986427471,2,4,0.5517553852833211,0.6899788289414182,0.5205966153011559,1.9404306598968126,124.98561565026787
iris,real,150,4,3,classix,"{""minPts"": 5, ""radius"": 0.1}",2,True,0.005986583011690527,6,0,0.40749704813908355,0.5421965961954897,0.2444397138074542,1.2155602874950204,144.6243895958939
iris,real,150,4,3,classix,"{""minPts"": 5, ""radius"": 0.2}",2,True,0.0029245420009829104,2,0,0.5681159420289855,0.7336804366512104,0.580184463257396,0.5975546650809878,248.90342786485118
iris,real,150,4,3,classix,"{""minPts"": 5, ""radius"": 0.3}",2,True,0.0017306670197285712,2,0,0.5681159420289855,0.7336804366512104,0.580184463257396,0.5975546650809878,248.90342786485118
iris,real,150,4,3,classix,"{""minPts"": 5, ""radius"": 0.5}",2,True,0.0009727499855216593,2,0,0.5437515388376617,0.6924541904553437,0.5753869579723335,0.5963088291305927,237.82590430675975
iris,real,150,4,3,classix,"{""minPts"": 5, ""radius"": 0.8}",2,True,0.0006201250071171671,1,0,0.0,0.0,,,
iris,real,150,4,3,kmeans++,"{""n_clusters"": 3, ""n_init"": 10}",3,False,0.007656708010472357,3,0,0.6201351808870379,0.659486892724918,0.45897178670187166,0.8354098493935599,239.34180132491107
iris,real,150,4,3,hierarchical_ward,"{""linkage"": ""ward"", ""n_clusters"": 3}",3,True,0.0005597500130534172,3,0,0.6153229932145449,0.6754701853436886,0.44553956399200406,0.805940469032997,220.2604374375408
iris,real,150,4,3,dbscan,"{""eps"": 0.15, ""min_samples"": 5}",3,True,0.0007060829957481474,0,150,0.0,0.0,,,
iris,real,150,4,3,dbscan,"{""eps"": 0.25, ""min_samples"": 5}",3,True,0.0006445829931180924,4,132,0.037367962325014416,0.18283897385272643,0.10639646281081941,0.9168160519348107,7.901943662388917
iris,real,150,4,3,dbscan,"{""eps"": 0.4, ""min_samples"": 5}",3,True,0.0006469579820986837,6,66,0.36550715288152474,0.5193243715808095,0.027336797208036927,3.2497689608188316,23.293108983147068
iris,real,150,4,3,dbscan,"{""eps"": 0.6, ""min_samples"": 5}",3,True,0.0006847500044386834,2,26,0.4706267335681117,0.5407961567255838,0.4023782804923913,7.063546681437917,90.2038274219187
iris,real,150,4,3,dbscan,"{""eps"": 0.9, ""min_samples"": 5}",3,True,0.000941832986427471,2,4,0.5517553852833211,0.6899788289414182,0.5205966153011559,1.9404306598968126,124.98561565026787
iris,real,150,4,3,classix,"{""minPts"": 5, ""radius"": 0.1}",3,True,0.005986583011690527,6,0,0.40749704813908355,0.5421965961954897,0.2444397138074542,1.2155602874950204,144.6243895958939
iris,real,150,4,3,classix,"{""minPts"": 5, ""radius"": 0.2}",3,True,0.0029245420009829104,2,0,0.5681159420289855,0.7336804366512104,0.580184463257396,0.5975546650809878,248.90342786485118
iris,real,150,4,3,classix,"{""minPts"": 5, ""radius"": 0.3}",3,True,0.0017306670197285712,2,0,0.5681159420289855,0.7336804366512104,0.580184463257396,0.5975546650809878,248.90342786485118
iris,real,150,4,3,classix,"{""minPts"": 5, ""radius"": 0.5}",3,True,0.0009727499855216593,2,0,0.5437515388376617,0.6924541904553437,0.5753869579723335,0.5963088291305927,237.82590430675975
iris,real,150,4,3,classix,"{""minPts"": 5, ""radius"": 0.8}",3,True,0.0006201250071171671,1,0,0.0,0.0,,,
iris,real,150,4,3,kmeans++,"{""n_clusters"": 3, ""n_init"": 10}",4,False,0.0070926250191405416,3,0,0.6201351808870379,0.659486892724918,0.45897178670187166,0.8354098493935599,239.34180132491102
iris,real,150,4,3,hierarchical_ward,"{""linkage"": ""ward"", ""n_clusters"": 3}",4,True,0.0005597500130534172,3,0,0.6153229932145449,0.6754701853436886,0.44553956399200406,0.805940469032997,220.2604374375408
iris,real,150,4,3,dbscan,"{""eps"": 0.15, ""min_samples"": 5}",4,True,0.0007060829957481474,0,150,0.0,0.0,,,
iris,real,150,4,3,dbscan,"{""eps"": 0.25, ""min_samples"": 5}",4,True,0.0006445829931180924,4,132,0.037367962325014416,0.18283897385272643,0.10639646281081941,0.9168160519348107,7.901943662388917
iris,real,150,4,3,dbscan,"{""eps"": 0.4, ""min_samples"": 5}",4,True,0.0006469579820986837,6,66,0.36550715288152474,0.5193243715808095,0.027336797208036927,3.2497689608188316,23.293108983147068
iris,real,150,4,3,dbscan,"{""eps"": 0.6, ""min_samples"": 5}",4,True,0.0006847500044386834,2,26,0.4706267335681117,0.5407961567255838,0.4023782804923913,7.063546681437917,90.2038274219187
iris,real,150,4,3,dbscan,"{""eps"": 0.9, ""min_samples"": 5}",4,True,0.000941832986427471,2,4,0.5517553852833211,0.6899788289414182,0.5205966153011559,1.9404306598968126,124.98561565026787
iris,real,150,4,3,classix,"{""minPts"": 5, ""radius"": 0.1}",4,True,0.005986583011690527,6,0,0.40749704813908355,0.5421965961954897,0.2444397138074542,1.2155602874950204,144.6243895958939
iris,real,150,4,3,classix,"{""minPts"": 5, ""radius"": 0.2}",4,True,0.0029245420009829104,2,0,0.5681159420289855,0.7336804366512104,0.580184463257396,0.5975546650809878,248.90342786485118
iris,real,150,4,3,classix,"{""minPts"": 5, ""radius"": 0.3}",4,True,0.0017306670197285712,2,0,0.5681159420289855,0.7336804366512104,0.580184463257396,0.5975546650809878,248.90342786485118
iris,real,150,4,3,classix,"{""minPts"": 5, ""radius"": 0.5}",4,True,0.0009727499855216593,2,0,0.5437515388376617,0.6924541904553437,0.5753869579723335,0.5963088291305927,237.82590430675975
iris,real,150,4,3,classix,"{""minPts"": 5, ""radius"": 0.8}",4,True,0.0006201250071171671,1,0,0.0,0.0,,,
wine,real,178,13,3,kmeans++,"{""n_clusters"": 3, ""n_init"": 10}",0,False,0.012714707991108298,3,0,0.8974949815093207,0.8758935341223069,0.2848589191898987,1.3891879777181648,70.94000800315118
wine,real,178,13,3,hierarchical_ward,"{""linkage"": ""ward"", ""n_clusters"": 3}",0,True,0.0012579580070450902,3,0,0.7899332213582837,0.7864652657004837,0.2774439826952266,1.4185919431857326,67.6474675044098
wine,real,178,13,3,dbscan,"{""eps"": 0.15, ""min_samples"": 5}",0,True,0.003369083016877994,0,178,0.0,0.0,,,
wine,real,178,13,3,dbscan,"{""eps"": 0.25, ""min_samples"": 5}",0,True,0.0012493749964050949,0,178,0.0,0.0,,,
wine,real,178,13,3,dbscan,"{""eps"": 0.4, ""min_samples"": 5}",0,True,0.001179583021439612,0,178,0.0,0.0,,,
wine,real,178,13,3,dbscan,"{""eps"": 0.6, ""min_samples"": 5}",0,True,0.001173166005173698,0,178,0.0,0.0,,,
wine,real,178,13,3,dbscan,"{""eps"": 0.9, ""min_samples"": 5}",0,True,0.0014559580013155937,0,178,0.0,0.0,,,
wine,real,178,13,3,classix,"{""minPts"": 5, ""radius"": 0.1}",0,True,0.012507084000390023,178,0,0.0,0.34654412479868274,,,
wine,real,178,13,3,classix,"{""minPts"": 5, ""radius"": 0.2}",0,True,0.011153208004543558,178,0,0.0,0.34654412479868274,,,
wine,real,178,13,3,classix,"{""minPts"": 5, ""radius"": 0.3}",0,True,0.00996337499236688,3,0,0.363808742579877,0.46623328989434826,0.14520620364249656,2.267804959479981,36.79778293496778
wine,real,178,13,3,classix,"{""minPts"": 5, ""radius"": 0.5}",0,True,0.006328582996502519,1,0,0.0,0.0,,,
wine,real,178,13,3,classix,"{""minPts"": 5, ""radius"": 0.8}",0,True,0.0024402079870924354,1,0,0.0,0.0,,,
wine,real,178,13,3,kmeans++,"{""n_clusters"": 3, ""n_init"": 10}",1,False,0.012668374984059483,3,0,0.8974949815093207,0.8758935341223069,0.2848589191898987,1.3891879777181648,70.94000800315118
wine,real,178,13,3,hierarchical_ward,"{""linkage"": ""ward"", ""n_clusters"": 3}",1,True,0.0012579580070450902,3,0,0.7899332213582837,0.7864652657004837,0.2774439826952266,1.4185919431857326,67.6474675044098
wine,real,178,13,3,dbscan,"{""eps"": 0.15, ""min_samples"": 5}",1,True,0.003369083016877994,0,178,0.0,0.0,,,
wine,real,178,13,3,dbscan,"{""eps"": 0.25, ""min_samples"": 5}",1,True,0.0012493749964050949,0,178,0.0,0.0,,,
wine,real,178,13,3,dbscan,"{""eps"": 0.4, ""min_samples"": 5}",1,True,0.001179583021439612,0,178,0.0,0.0,,,
wine,real,178,13,3,dbscan,"{""eps"": 0.6, ""min_samples"": 5}",1,True,0.001173166005173698,0,178,0.0,0.0,,,
wine,real,178,13,3,dbscan,"{""eps"": 0.9, ""min_samples"": 5}",1,True,0.0014559580013155937,0,178,0.0,0.0,,,
wine,real,178,13,3,classix,"{""minPts"": 5, ""radius"": 0.1}",1,True,0.012507084000390023,178,0,0.0,0.34654412479868274,,,
wine,real,178,13,3,classix,"{""minPts"": 5, ""radius"": 0.2}",1,True,0.011153208004543558,178,0,0.0,0.34654412479868274,,,
wine,real,178,13,3,classix,"{""minPts"": 5, ""radius"": 0.3}",1,True,0.00996337499236688,3,0,0.363808742579877,0.46623328989434826,0.14520620364249656,2.267804959479981,36.79778293496778
wine,real,178,13,3,classix,"{""minPts"": 5, ""radius"": 0.5}",1,True,0.006328582996502519,1,0,0.0,0.0,,,
wine,real,178,13,3,classix,"{""minPts"": 5, ""radius"": 0.8}",1,True,0.0024402079870924354,1,0,0.0,0.0,,,
wine,real,178,13,3,kmeans++,"{""n_clusters"": 3, ""n_init"": 10}",2,False,0.008663249987876043,3,0,0.8974949815093207,0.8758935341223069,0.2848589191898987,1.3891879777181648,70.94000800315118
wine,real,178,13,3,hierarchical_ward,"{""linkage"": ""ward"", ""n_clusters"": 3}",2,True,0.0012579580070450902,3,0,0.7899332213582837,0.7864652657004837,0.2774439826952266,1.4185919431857326,67.6474675044098
wine,real,178,13,3,dbscan,"{""eps"": 0.15, ""min_samples"": 5}",2,True,0.003369083016877994,0,178,0.0,0.0,,,
wine,real,178,13,3,dbscan,"{""eps"": 0.25, ""min_samples"": 5}",2,True,0.0012493749964050949,0,178,0.0,0.0,,,
wine,real,178,13,3,dbscan,"{""eps"": 0.4, ""min_samples"": 5}",2,True,0.001179583021439612,0,178,0.0,0.0,,,
wine,real,178,13,3,dbscan,"{""eps"": 0.6, ""min_samples"": 5}",2,True,0.001173166005173698,0,178,0.0,0.0,,,
wine,real,178,13,3,dbscan,"{""eps"": 0.9, ""min_samples"": 5}",2,True,0.0014559580013155937,0,178,0.0,0.0,,,
wine,real,178,13,3,classix,"{""minPts"": 5, ""radius"": 0.1}",2,True,0.012507084000390023,178,0,0.0,0.34654412479868274,,,
wine,real,178,13,3,classix,"{""minPts"": 5, ""radius"": 0.2}",2,True,0.011153208004543558,178,0,0.0,0.34654412479868274,,,
wine,real,178,13,3,classix,"{""minPts"": 5, ""radius"": 0.3}",2,True,0.00996337499236688,3,0,0.363808742579877,0.46623328989434826,0.14520620364249656,2.267804959479981,36.79778293496778
wine,real,178,13,3,classix,"{""minPts"": 5, ""radius"": 0.5}",2,True,0.006328582996502519,1,0,0.0,0.0,,,
wine,real,178,13,3,classix,"{""minPts"": 5, ""radius"": 0.8}",2,True,0.0024402079870924354,1,0,0.0,0.0,,,
wine,real,178,13,3,kmeans++,"{""n_clusters"": 3, ""n_init"": 10}",3,False,0.00826370800496079,3,0,0.8974949815093207,0.8758935341223069,0.2848589191898987,1.3891879777181648,70.94000800315118
wine,real,178,13,3,hierarchical_ward,"{""linkage"": ""ward"", ""n_clusters"": 3}",3,True,0.0012579580070450902,3,0,0.7899332213582837,0.7864652657004837,0.2774439826952266,1.4185919431857326,67.6474675044098
wine,real,178,13,3,dbscan,"{""eps"": 0.15, ""min_samples"": 5}",3,True,0.003369083016877994,0,178,0.0,0.0,,,
wine,real,178,13,3,dbscan,"{""eps"": 0.25, ""min_samples"": 5}",3,True,0.0012493749964050949,0,178,0.0,0.0,,,
wine,real,178,13,3,dbscan,"{""eps"": 0.4, ""min_samples"": 5}",3,True,0.001179583021439612,0,178,0.0,0.0,,,
wine,real,178,13,3,dbscan,"{""eps"": 0.6, ""min_samples"": 5}",3,True,0.001173166005173698,0,178,0.0,0.0,,,
wine,real,178,13,3,dbscan,"{""eps"": 0.9, ""min_samples"": 5}",3,True,0.0014559580013155937,0,178,0.0,0.0,,,
wine,real,178,13,3,classix,"{""minPts"": 5, ""radius"": 0.1}",3,True,0.012507084000390023,178,0,0.0,0.34654412479868274,,,
wine,real,178,13,3,classix,"{""minPts"": 5, ""radius"": 0.2}",3,True,0.011153208004543558,178,0,0.0,0.34654412479868274,,,
wine,real,178,13,3,classix,"{""minPts"": 5, ""radius"": 0.3}",3,True,0.00996337499236688,3,0,0.363808742579877,0.46623328989434826,0.14520620364249656,2.267804959479981,36.79778293496778
wine,real,178,13,3,classix,"{""minPts"": 5, ""radius"": 0.5}",3,True,0.006328582996502519,1,0,0.0,0.0,,,
wine,real,178,13,3,classix,"{""minPts"": 5, ""radius"": 0.8}",3,True,0.0024402079870924354,1,0,0.0,0.0,,,
wine,real,178,13,3,kmeans++,"{""n_clusters"": 3, ""n_init"": 10}",4,False,0.008292667014757171,3,0,0.8974949815093207,0.8758935341223069,0.2848589191898987,1.3891879777181648,70.94000800315118
wine,real,178,13,3,hierarchical_ward,"{""linkage"": ""ward"", ""n_clusters"": 3}",4,True,0.0012579580070450902,3,0,0.7899332213582837,0.7864652657004837,0.2774439826952266,1.4185919431857326,67.6474675044098
wine,real,178,13,3,dbscan,"{""eps"": 0.15, ""min_samples"": 5}",4,True,0.003369083016877994,0,178,0.0,0.0,,,
wine,real,178,13,3,dbscan,"{""eps"": 0.25, ""min_samples"": 5}",4,True,0.0012493749964050949,0,178,0.0,0.0,,,
wine,real,178,13,3,dbscan,"{""eps"": 0.4, ""min_samples"": 5}",4,True,0.001179583021439612,0,178,0.0,0.0,,,
wine,real,178,13,3,dbscan,"{""eps"": 0.6, ""min_samples"": 5}",4,True,0.001173166005173698,0,178,0.0,0.0,,,
wine,real,178,13,3,dbscan,"{""eps"": 0.9, ""min_samples"": 5}",4,True,0.0014559580013155937,0,178,0.0,0.0,,,
wine,real,178,13,3,classix,"{""minPts"": 5, ""radius"": 0.1}",4,True,0.012507084000390023,178,0,0.0,0.34654412479868274,,,
wine,real,178,13,3,classix,"{""minPts"": 5, ""radius"": 0.2}",4,True,0.011153208004543558,178,0,0.0,0.34654412479868274,,,
wine,real,178,13,3,classix,"{""minPts"": 5, ""radius"": 0.3}",4,True,0.00996337499236688,3,0,0.363808742579877,0.46623328989434826,0.14520620364249656,2.267804959479981,36.79778293496778
wine,real,178,13,3,classix,"{""minPts"": 5, ""radius"": 0.5}",4,True,0.006328582996502519,1,0,0.0,0.0,,,
wine,real,178,13,3,classix,"{""minPts"": 5, ""radius"": 0.8}",4,True,0.0024402079870924354,1,0,0.0,0.0,,,
seeds,real,210,7,3,kmeans++,"{""n_clusters"": 3, ""n_init"": 10}",0,False,0.009469250013353303,3,0,0.7732937360806309,0.727864144698467,0.4007270552751299,0.9278712249013424,249.7841749161648
seeds,real,210,7,3,hierarchical_ward,"{""linkage"": ""ward"", ""n_clusters"": 3}",0,True,0.0011178750137332827,3,0,0.796998283593012,0.7498157518928459,0.3926339709101015,0.9445072193243359,238.36119610401153
seeds,real,210,7,3,dbscan,"{""eps"": 0.15, ""min_samples"": 5}",0,True,0.0011208750074729323,0,210,0.0,0.0,,,
seeds,real,210,7,3,dbscan,"{""eps"": 0.25, ""min_samples"": 5}",0,True,0.0010669580078683794,0,210,0.0,0.0,,,
seeds,real,210,7,3,dbscan,"{""eps"": 0.4, ""min_samples"": 5}",0,True,0.0010666250018402934,0,210,0.0,0.0,,,
seeds,real,210,7,3,dbscan,"{""eps"": 0.6, ""min_samples"": 5}",0,True,0.0011174999817740172,5,161,0.034599831184462436,0.23235883290825962,-0.2968392239945038,1.8356990323441613,9.830228798645088
seeds,real,210,7,3,dbscan,"{""eps"": 0.9, ""min_samples"": 5}",0,True,0.0012419169943314046,1,28,0.004073073296134565,0.019089787885870603,0.12516427403807054,5.28272754057596,3.6257796289534934
seeds,real,210,7,3,classix,"{""minPts"": 5, ""radius"": 0.1}",0,True,0.013606458000140265,191,0,0.0036948453608247425,0.34778309627017784,0.07641757167420553,0.19742969825043646,170.33206382219782
seeds,real,210,7,3,classix,"{""minPts"": 5, ""radius"": 0.2}",0,True,0.0055111669935286045,7,0,0.31283521644106976,0.4308053292237503,-0.05020549003732049,1.7310068762861255,54.89566599458152
seeds,real,210,7,3,classix,"{""minPts"": 5, ""radius"": 0.3}",0,True,0.0036021670093759894,2,0,0.003957718375356607,0.06070864245068572,0.25197489389115896,0.7184947777934895,20.762699813590636
seeds,real,210,7,3,classix,"{""minPts"": 5, ""radius"": 0.5}",0,True,0.002078207995509729,1,0,0.0,0.0,,,
seeds,real,210,7,3,classix,"{""minPts"": 5, ""radius"": 0.8}",0,True,0.001161832973593846,1,0,0.0,0.0,,,
seeds,real,210,7,3,kmeans++,"{""n_clusters"": 3, ""n_init"": 10}",1,False,0.009171957994112745,3,0,0.7732937360806309,0.727864144698467,0.4007270552751299,0.9278712249013424,249.7841749161648
seeds,real,210,7,3,hierarchical_ward,"{""linkage"": ""ward"", ""n_clusters"": 3}",1,True,0.0011178750137332827,3,0,0.796998283593012,0.7498157518928459,0.3926339709101015,0.9445072193243359,238.36119610401153
seeds,real,210,7,3,dbscan,"{""eps"": 0.15, ""min_samples"": 5}",1,True,0.0011208750074729323,0,210,0.0,0.0,,,
seeds,real,210,7,3,dbscan,"{""eps"": 0.25, ""min_samples"": 5}",1,True,0.0010669580078683794,0,210,0.0,0.0,,,
seeds,real,210,7,3,dbscan,"{""eps"": 0.4, ""min_samples"": 5}",1,True,0.0010666250018402934,0,210,0.0,0.0,,,
seeds,real,210,7,3,dbscan,"{""eps"": 0.6, ""min_samples"": 5}",1,True,0.0011174999817740172,5,161,0.034599831184462436,0.23235883290825962,-0.2968392239945038,1.8356990323441613,9.830228798645088
seeds,real,210,7,3,dbscan,"{""eps"": 0.9, ""min_samples"": 5}",1,True,0.0012419169943314046,1,28,0.004073073296134565,0.019089787885870603,0.12516427403807054,5.28272754057596,3.6257796289534934
seeds,real,210,7,3,classix,"{""minPts"": 5, ""radius"": 0.1}",1,True,0.013606458000140265,191,0,0.0036948453608247425,0.34778309627017784,0.07641757167420553,0.19742969825043646,170.33206382219782
seeds,real,210,7,3,classix,"{""minPts"": 5, ""radius"": 0.2}",1,True,0.0055111669935286045,7,0,0.31283521644106976,0.4308053292237503,-0.05020549003732049,1.7310068762861255,54.89566599458152
seeds,real,210,7,3,classix,"{""minPts"": 5, ""radius"": 0.3}",1,True,0.0036021670093759894,2,0,0.003957718375356607,0.06070864245068572,0.25197489389115896,0.7184947777934895,20.762699813590636
seeds,real,210,7,3,classix,"{""minPts"": 5, ""radius"": 0.5}",1,True,0.002078207995509729,1,0,0.0,0.0,,,
seeds,real,210,7,3,classix,"{""minPts"": 5, ""radius"": 0.8}",1,True,0.001161832973593846,1,0,0.0,0.0,,,
seeds,real,210,7,3,kmeans++,"{""n_clusters"": 3, ""n_init"": 10}",2,False,0.008256166998762637,3,0,0.7732937360806309,0.727864144698467,0.4007270552751299,0.9278712249013424,249.78417491616474
seeds,real,210,7,3,hierarchical_ward,"{""linkage"": ""ward"", ""n_clusters"": 3}",2,True,0.0011178750137332827,3,0,0.796998283593012,0.7498157518928459,0.3926339709101015,0.9445072193243359,238.36119610401153
seeds,real,210,7,3,dbscan,"{""eps"": 0.15, ""min_samples"": 5}",2,True,0.0011208750074729323,0,210,0.0,0.0,,,
seeds,real,210,7,3,dbscan,"{""eps"": 0.25, ""min_samples"": 5}",2,True,0.0010669580078683794,0,210,0.0,0.0,,,
seeds,real,210,7,3,dbscan,"{""eps"": 0.4, ""min_samples"": 5}",2,True,0.0010666250018402934,0,210,0.0,0.0,,,
seeds,real,210,7,3,dbscan,"{""eps"": 0.6, ""min_samples"": 5}",2,True,0.0011174999817740172,5,161,0.034599831184462436,0.23235883290825962,-0.2968392239945038,1.8356990323441613,9.830228798645088
seeds,real,210,7,3,dbscan,"{""eps"": 0.9, ""min_samples"": 5}",2,True,0.0012419169943314046,1,28,0.004073073296134565,0.019089787885870603,0.12516427403807054,5.28272754057596,3.6257796289534934
seeds,real,210,7,3,classix,"{""minPts"": 5, ""radius"": 0.1}",2,True,0.013606458000140265,191,0,0.0036948453608247425,0.34778309627017784,0.07641757167420553,0.19742969825043646,170.33206382219782
seeds,real,210,7,3,classix,"{""minPts"": 5, ""radius"": 0.2}",2,True,0.0055111669935286045,7,0,0.31283521644106976,0.4308053292237503,-0.05020549003732049,1.7310068762861255,54.89566599458152
seeds,real,210,7,3,classix,"{""minPts"": 5, ""radius"": 0.3}",2,True,0.0036021670093759894,2,0,0.003957718375356607,0.06070864245068572,0.25197489389115896,0.7184947777934895,20.762699813590636
seeds,real,210,7,3,classix,"{""minPts"": 5, ""radius"": 0.5}",2,True,0.002078207995509729,1,0,0.0,0.0,,,
seeds,real,210,7,3,classix,"{""minPts"": 5, ""radius"": 0.8}",2,True,0.001161832973593846,1,0,0.0,0.0,,,
seeds,real,210,7,3,kmeans++,"{""n_clusters"": 3, ""n_init"": 10}",3,False,0.008761958015384153,3,0,0.7732937360806309,0.727864144698467,0.4007270552751299,0.9278712249013424,249.78417491616474
seeds,real,210,7,3,hierarchical_ward,"{""linkage"": ""ward"", ""n_clusters"": 3}",3,True,0.0011178750137332827,3,0,0.796998283593012,0.7498157518928459,0.3926339709101015,0.9445072193243359,238.36119610401153
seeds,real,210,7,3,dbscan,"{""eps"": 0.15, ""min_samples"": 5}",3,True,0.0011208750074729323,0,210,0.0,0.0,,,
seeds,real,210,7,3,dbscan,"{""eps"": 0.25, ""min_samples"": 5}",3,True,0.0010669580078683794,0,210,0.0,0.0,,,
seeds,real,210,7,3,dbscan,"{""eps"": 0.4, ""min_samples"": 5}",3,True,0.0010666250018402934,0,210,0.0,0.0,,,
seeds,real,210,7,3,dbscan,"{""eps"": 0.6, ""min_samples"": 5}",3,True,0.0011174999817740172,5,161,0.034599831184462436,0.23235883290825962,-0.2968392239945038,1.8356990323441613,9.830228798645088
seeds,real,210,7,3,dbscan,"{""eps"": 0.9, ""min_samples"": 5}",3,True,0.0012419169943314046,1,28,0.004073073296134565,0.019089787885870603,0.12516427403807054,5.28272754057596,3.6257796289534934
seeds,real,210,7,3,classix,"{""minPts"": 5, ""radius"": 0.1}",3,True,0.013606458000140265,191,0,0.0036948453608247425,0.34778309627017784,0.07641757167420553,0.19742969825043646,170.33206382219782
seeds,real,210,7,3,classix,"{""minPts"": 5, ""radius"": 0.2}",3,True,0.0055111669935286045,7,0,0.31283521644106976,0.4308053292237503,-0.05020549003732049,1.7310068762861255,54.89566599458152
seeds,real,210,7,3,classix,"{""minPts"": 5, ""radius"": 0.3}",3,True,0.0036021670093759894,2,0,0.003957718375356607,0.06070864245068572,0.25197489389115896,0.7184947777934895,20.762699813590636
seeds,real,210,7,3,classix,"{""minPts"": 5, ""radius"": 0.5}",3,True,0.002078207995509729,1,0,0.0,0.0,,,
seeds,real,210,7,3,classix,"{""minPts"": 5, ""radius"": 0.8}",3,True,0.001161832973593846,1,0,0.0,0.0,,,
seeds,real,210,7,3,kmeans++,"{""n_clusters"": 3, ""n_init"": 10}",4,False,0.009943957993527874,3,0,0.7732937360806309,0.727864144698467,0.4007270552751299,0.9278712249013424,249.78417491616474
seeds,real,210,7,3,hierarchical_ward,"{""linkage"": ""ward"", ""n_clusters"": 3}",4,True,0.0011178750137332827,3,0,0.796998283593012,0.7498157518928459,0.3926339709101015,0.9445072193243359,238.36119610401153
seeds,real,210,7,3,dbscan,"{""eps"": 0.15, ""min_samples"": 5}",4,True,0.0011208750074729323,0,210,0.0,0.0,,,
seeds,real,210,7,3,dbscan,"{""eps"": 0.25, ""min_samples"": 5}",4,True,0.0010669580078683794,0,210,0.0,0.0,,,
seeds,real,210,7,3,dbscan,"{""eps"": 0.4, ""min_samples"": 5}",4,True,0.0010666250018402934,0,210,0.0,0.0,,,
seeds,real,210,7,3,dbscan,"{""eps"": 0.6, ""min_samples"": 5}",4,True,0.0011174999817740172,5,161,0.034599831184462436,0.23235883290825962,-0.2968392239945038,1.8356990323441613,9.830228798645088
seeds,real,210,7,3,dbscan,"{""eps"": 0.9, ""min_samples"": 5}",4,True,0.0012419169943314046,1,28,0.004073073296134565,0.019089787885870603,0.12516427403807054,5.28272754057596,3.6257796289534934
seeds,real,210,7,3,classix,"{""minPts"": 5, ""radius"": 0.1}",4,True,0.013606458000140265,191,0,0.0036948453608247425,0.34778309627017784,0.07641757167420553,0.19742969825043646,170.33206382219782
seeds,real,210,7,3,classix,"{""minPts"": 5, ""radius"": 0.2}",4,True,0.0055111669935286045,7,0,0.31283521644106976,0.4308053292237503,-0.05020549003732049,1.7310068762861255,54.89566599458152
seeds,real,210,7,3,classix,"{""minPts"": 5, ""radius"": 0.3}",4,True,0.0036021670093759894,2,0,0.003957718375356607,0.06070864245068572,0.25197489389115896,0.7184947777934895,20.762699813590636
seeds,real,210,7,3,classix,"{""minPts"": 5, ""radius"": 0.5}",4,True,0.002078207995509729,1,0,0.0,0.0,,,
seeds,real,210,7,3,classix,"{""minPts"": 5, ""radius"": 0.8}",4,True,0.001161832973593846,1,0,0.0,0.0,,,
